TEntryCallSequence;
;OperationSignature;sessionCreation;approvedListCreation;entryCallSequenceModelCreation;elapsed;
;public java.util.Set org.cocome.cloud.logic.webservice.cashdeskline.cashdesk.CashDesk.startSale(java.lang.String, long);30034;509;327651;1581318;
;public java.util.Set org.cocome.cloud.logic.webservice.cashdeskline.cashdesk.CashDesk.startSale(java.lang.String, long);2265;201;963;12706;
;public java.util.Set org.cocome.cloud.logic.webservice.cashdeskline.cashdesk.CashDesk.startSale(java.lang.String, long);2013;295;957;12377;
;public java.util.Set org.cocome.cloud.logic.webservice.cashdeskline.cashdesk.CashDesk.startSale(java.lang.String, long);1961;222;1022;12285;
;public java.util.Set org.cocome.cloud.logic.webservice.cashdeskline.cashdesk.CashDesk.startSale(java.lang.String, long);2012;217;914;12351;
;public java.util.Set org.cocome.cloud.logic.webservice.cashdeskline.cashdesk.CashDesk.startSale(java.lang.String, long);1930;392;948;12453;
;public java.util.Set org.cocome.cloud.logic.webservice.cashdeskline.cashdesk.CashDesk.startSale(java.lang.String, long);2226;199;1131;13434;
;public java.util.Set org.cocome.cloud.logic.webservice.cashdeskline.cashdesk.CashDesk.startSale(java.lang.String, long);2211;481;1054;14048;
;public java.util.Set org.cocome.cloud.logic.webservice.cashdeskline.cashdesk.CashDesk.startSale(java.lang.String, long);2176;323;1188;16643;
;public java.util.Set org.cocome.cloud.logic.webservice.cashdeskline.cashdesk.CashDesk.startSale(java.lang.String, long);2145;175;1008;12437;
;public java.util.Set org.cocome.cloud.logic.webservice.cashdeskline.cashdesk.CashDesk.startSale(java.lang.String, long);2326;208;1055;12932;
;public java.util.Set org.cocome.cloud.logic.webservice.cashdeskline.cashdesk.CashDesk.startSale(java.lang.String, long);2025;230;1015;12009;
;public java.util.Set org.cocome.cloud.logic.webservice.cashdeskline.cashdesk.CashDesk.startSale(java.lang.String, long);3775;179;1117;15146;
;public java.util.Set org.cocome.cloud.logic.webservice.cashdeskline.cashdesk.CashDesk.startSale(java.lang.String, long);1899;298;956;11174;
;public java.util.Set org.cocome.cloud.logic.webservice.cashdeskline.cashdesk.CashDesk.startSale(java.lang.String, long);2294;256;1116;11577;
;public java.util.Set org.cocome.cloud.logic.webservice.cashdeskline.cashdesk.CashDesk.startSale(java.lang.String, long);1682;152;1141;11913;
;public java.util.Set org.cocome.cloud.logic.webservice.cashdeskline.cashdesk.CashDesk.startSale(java.lang.String, long);1641;215;871;9913;
;public java.util.Set org.cocome.cloud.logic.webservice.cashdeskline.cashdesk.CashDesk.startSale(java.lang.String, long);1622;173;852;9589;
;public java.util.Set org.cocome.cloud.logic.webservice.cashdeskline.cashdesk.CashDesk.startSale(java.lang.String, long);1918;180;1063;11975;
;public java.util.Set org.cocome.cloud.logic.webservice.cashdeskline.cashdesk.CashDesk.startSale(java.lang.String, long);1904;205;1017;11591;
;public java.util.Set org.cocome.cloud.logic.webservice.cashdeskline.cashdesk.CashDesk.startSale(java.lang.String, long);1758;196;862;10186;
;public java.util.Set org.cocome.cloud.logic.webservice.cashdeskline.cashdesk.CashDesk.startSale(java.lang.String, long);2506;199;1008;14021;
;public java.util.Set org.cocome.cloud.logic.webservice.cashdeskline.cashdesk.CashDesk.startSale(java.lang.String, long);2166;331;1046;13145;
;public java.util.Set org.cocome.cloud.logic.webservice.cashdeskline.cashdesk.CashDesk.startSale(java.lang.String, long);1976;174;1012;11308;
;public java.util.Set org.cocome.cloud.logic.webservice.cashdeskline.cashdesk.CashDesk.startSale(java.lang.String, long);5213;200;1548;19102;
;public java.util.Set org.cocome.cloud.logic.webservice.cashdeskline.cashdesk.CashDesk.startSale(java.lang.String, long);1969;234;986;11889;
;public java.util.Set org.cocome.cloud.logic.webservice.cashdeskline.cashdesk.CashDesk.startSale(java.lang.String, long);1992;189;968;11304;
;public java.util.Set org.cocome.cloud.logic.webservice.cashdeskline.cashdesk.CashDesk.startSale(java.lang.String, long);2170;215;1089;12455;
;public java.util.Set org.cocome.cloud.logic.webservice.cashdeskline.cashdesk.CashDesk.startSale(java.lang.String, long);2075;207;1042;11525;
;public java.util.Set org.cocome.cloud.logic.webservice.cashdeskline.cashdesk.CashDesk.startSale(java.lang.String, long);1983;194;1109;11850;
;public java.util.Set org.cocome.cloud.logic.webservice.cashdeskline.cashdesk.CashDesk.startSale(java.lang.String, long);1890;196;962;11709;
;public java.util.Set org.cocome.cloud.logic.webservice.cashdeskline.cashdesk.CashDesk.startSale(java.lang.String, long);2419;238;977;58705;
;public java.util.Set org.cocome.cloud.logic.webservice.cashdeskline.cashdesk.CashDesk.startSale(java.lang.String, long);1965;355;974;11673;
;public java.util.Set org.cocome.cloud.logic.webservice.cashdeskline.cashdesk.CashDesk.startSale(java.lang.String, long);2126;228;1112;12175;
;public java.util.Set org.cocome.cloud.logic.webservice.cashdeskline.cashdesk.CashDesk.startSale(java.lang.String, long);2235;228;1114;11748;
;public java.util.Set org.cocome.cloud.logic.webservice.cashdeskline.cashdesk.CashDesk.startSale(java.lang.String, long);2388;273;973;11914;
;public java.util.Set org.cocome.cloud.logic.webservice.cashdeskline.cashdesk.CashDesk.startSale(java.lang.String, long);2593;210;1150;12509;
;public java.util.Set org.cocome.cloud.logic.webservice.cashdeskline.cashdesk.CashDesk.startSale(java.lang.String, long);1573;188;1312;11339;
;public java.util.Set org.cocome.cloud.logic.webservice.cashdeskline.cashdesk.CashDesk.startSale(java.lang.String, long);1524;359;1140;11043;
;public java.util.Set org.cocome.cloud.logic.webservice.cashdeskline.cashdesk.CashDesk.startSale(java.lang.String, long);1584;240;1079;10872;
;public java.util.Set org.cocome.cloud.logic.webservice.cashdeskline.cashdesk.CashDesk.startSale(java.lang.String, long);1498;191;1125;9919;
;public java.util.Set org.cocome.cloud.logic.webservice.cashdeskline.cashdesk.CashDesk.startSale(java.lang.String, long);1410;210;982;10327;
;public java.util.Set org.cocome.cloud.logic.webservice.cashdeskline.cashdesk.CashDesk.startSale(java.lang.String, long);1470;209;1084;10158;
;public java.util.Set org.cocome.cloud.logic.webservice.cashdeskline.cashdesk.CashDesk.startSale(java.lang.String, long);1354;209;1043;10123;
;public java.util.Set org.cocome.cloud.logic.webservice.cashdeskline.cashdesk.CashDesk.startSale(java.lang.String, long);1676;206;990;9923;
;public java.util.Set org.cocome.cloud.logic.webservice.cashdeskline.cashdesk.CashDesk.startSale(java.lang.String, long);3012;287;2120;18392;
;public java.util.Set org.cocome.cloud.logic.webservice.cashdeskline.cashdesk.CashDesk.startSale(java.lang.String, long);1672;264;1118;11002;
;public java.util.Set org.cocome.cloud.logic.webservice.cashdeskline.cashdesk.CashDesk.startSale(java.lang.String, long);1559;213;1422;10453;
;public java.util.Set org.cocome.cloud.logic.webservice.cashdeskline.cashdesk.CashDesk.startSale(java.lang.String, long);5321;242;1183;17933;
;public java.util.Set org.cocome.cloud.logic.webservice.cashdeskline.cashdesk.CashDesk.startSale(java.lang.String, long);1495;232;1066;11057;
;public java.util.Set org.cocome.cloud.logic.webservice.cashdeskline.cashdesk.CashDesk.startSale(java.lang.String, long);1797;213;917;9699;
;public java.util.Set org.cocome.cloud.logic.webservice.cashdeskline.cashdesk.CashDesk.startSale(java.lang.String, long);1318;239;1000;9214;
;public java.util.Set org.cocome.cloud.logic.webservice.cashdeskline.cashdesk.CashDesk.startSale(java.lang.String, long);1431;222;970;9471;
;public java.util.Set org.cocome.cloud.logic.webservice.cashdeskline.cashdesk.CashDesk.startSale(java.lang.String, long);1751;207;1104;11191;
;public java.util.Set org.cocome.cloud.logic.webservice.cashdeskline.cashdesk.CashDesk.startSale(java.lang.String, long);1655;210;950;10555;
;public java.util.Set org.cocome.cloud.logic.webservice.cashdeskline.cashdesk.CashDesk.startSale(java.lang.String, long);1457;205;1008;9500;
;public java.util.Set org.cocome.cloud.logic.webservice.cashdeskline.cashdesk.CashDesk.startSale(java.lang.String, long);1436;199;821;8959;
;public java.util.Set org.cocome.cloud.logic.webservice.cashdeskline.cashdesk.CashDesk.startSale(java.lang.String, long);1337;195;958;9399;
;public java.util.Set org.cocome.cloud.logic.webservice.cashdeskline.cashdesk.CashDesk.startSale(java.lang.String, long);1335;224;968;9007;
;public java.util.Set org.cocome.cloud.logic.webservice.cashdeskline.cashdesk.CashDesk.startSale(java.lang.String, long);1349;195;970;8819;
;public java.util.Set org.cocome.cloud.logic.webservice.cashdeskline.cashdesk.CashDesk.startSale(java.lang.String, long);1196;235;769;8100;
;public java.util.Set org.cocome.cloud.logic.webservice.cashdeskline.cashdesk.CashDesk.startSale(java.lang.String, long);1223;173;867;7768;
;public java.util.Set org.cocome.cloud.logic.webservice.cashdeskline.cashdesk.CashDesk.startSale(java.lang.String, long);1226;225;912;9303;
;public java.util.Set org.cocome.cloud.logic.webservice.cashdeskline.cashdesk.CashDesk.startSale(java.lang.String, long);1238;204;876;8822;
;public java.util.Set org.cocome.cloud.logic.webservice.cashdeskline.cashdesk.CashDesk.startSale(java.lang.String, long);1425;208;888;8404;
;public java.util.Set org.cocome.cloud.logic.webservice.cashdeskline.cashdesk.CashDesk.startSale(java.lang.String, long);1284;196;828;8262;
;public java.util.Set org.cocome.cloud.logic.webservice.cashdeskline.cashdesk.CashDesk.startSale(java.lang.String, long);1486;217;1082;10512;
;public java.util.Set org.cocome.cloud.logic.webservice.cashdeskline.cashdesk.CashDesk.startSale(java.lang.String, long);1549;236;1067;10361;
;public java.util.Set org.cocome.cloud.logic.webservice.cashdeskline.cashdesk.CashDesk.startSale(java.lang.String, long);1623;187;1079;10783;
;public java.util.Set org.cocome.cloud.logic.webservice.cashdeskline.cashdesk.CashDesk.startSale(java.lang.String, long);1099;187;943;8459;
;public java.util.Set org.cocome.cloud.logic.webservice.cashdeskline.cashdesk.CashDesk.startSale(java.lang.String, long);20249;202;878;27350;
;public java.util.Set org.cocome.cloud.logic.webservice.cashdeskline.cashdesk.CashDesk.startSale(java.lang.String, long);1144;167;800;8008;
;public java.util.Set org.cocome.cloud.logic.webservice.cashdeskline.cashdesk.CashDesk.startSale(java.lang.String, long);1211;176;801;7851;
;public java.util.Set org.cocome.cloud.logic.webservice.cashdeskline.cashdesk.CashDesk.startSale(java.lang.String, long);1370;170;838;9008;
;public java.util.Set org.cocome.cloud.logic.webservice.cashdeskline.cashdesk.CashDesk.startSale(java.lang.String, long);1236;186;811;7986;
;public java.util.Set org.cocome.cloud.logic.webservice.cashdeskline.cashdesk.CashDesk.startSale(java.lang.String, long);1291;186;767;8150;
;public java.util.Set org.cocome.cloud.logic.webservice.cashdeskline.cashdesk.CashDesk.startSale(java.lang.String, long);1290;211;757;8293;
;public java.util.Set org.cocome.cloud.logic.webservice.cashdeskline.cashdesk.CashDesk.startSale(java.lang.String, long);1301;173;777;8020;
;public java.util.Set org.cocome.cloud.logic.webservice.cashdeskline.cashdesk.CashDesk.startSale(java.lang.String, long);1409;170;855;8751;
;public java.util.Set org.cocome.cloud.logic.webservice.cashdeskline.cashdesk.CashDesk.startSale(java.lang.String, long);1307;175;827;8271;
;public java.util.Set org.cocome.cloud.logic.webservice.cashdeskline.cashdesk.CashDesk.startSale(java.lang.String, long);1229;208;852;8236;
;public java.util.Set org.cocome.cloud.logic.webservice.cashdeskline.cashdesk.CashDesk.startSale(java.lang.String, long);1236;173;825;8073;
;public java.util.Set org.cocome.cloud.logic.webservice.cashdeskline.cashdesk.CashDesk.startSale(java.lang.String, long);1156;187;765;7716;
;public java.util.Set org.cocome.cloud.logic.webservice.cashdeskline.cashdesk.CashDesk.startSale(java.lang.String, long);1293;248;818;8377;
;public java.util.Set org.cocome.cloud.logic.webservice.cashdeskline.cashdesk.CashDesk.startSale(java.lang.String, long);1280;185;820;8404;
;public java.util.Set org.cocome.cloud.logic.webservice.cashdeskline.cashdesk.CashDesk.startSale(java.lang.String, long);1438;186;787;8825;
;public java.util.Set org.cocome.cloud.logic.webservice.cashdeskline.cashdesk.CashDesk.startSale(java.lang.String, long);1224;179;885;8746;
;public java.util.Set org.cocome.cloud.logic.webservice.cashdeskline.cashdesk.CashDesk.startSale(java.lang.String, long);1265;183;829;8439;
;public java.util.Set org.cocome.cloud.logic.webservice.cashdeskline.cashdesk.CashDesk.startSale(java.lang.String, long);1204;172;1191;8899;
;public java.util.Set org.cocome.cloud.logic.webservice.cashdeskline.cashdesk.CashDesk.startSale(java.lang.String, long);1538;175;882;8922;
;public java.util.Set org.cocome.cloud.logic.webservice.cashdeskline.cashdesk.CashDesk.startSale(java.lang.String, long);1244;245;860;8535;
;public java.util.Set org.cocome.cloud.logic.webservice.cashdeskline.cashdesk.CashDesk.startSale(java.lang.String, long);1142;188;844;8193;
;public java.util.Set org.cocome.cloud.logic.webservice.cashdeskline.cashdesk.CashDesk.startSale(java.lang.String, long);1291;170;844;7886;
;public java.util.Set org.cocome.cloud.logic.webservice.cashdeskline.cashdesk.CashDesk.startSale(java.lang.String, long);1187;168;875;8116;
;public java.util.Set org.cocome.cloud.logic.webservice.cashdeskline.cashdesk.CashDesk.startSale(java.lang.String, long);1329;164;852;8275;
;public java.util.Set org.cocome.cloud.logic.webservice.cashdeskline.cashdesk.CashDesk.startSale(java.lang.String, long);1240;161;802;9005;
;public java.util.Set org.cocome.cloud.logic.webservice.cashdeskline.cashdesk.CashDesk.startSale(java.lang.String, long);6560;195;845;17372;
;public java.util.Set org.cocome.cloud.logic.webservice.cashdeskline.cashdesk.CashDesk.startSale(java.lang.String, long);1283;182;835;8223;
;public java.util.Set org.cocome.cloud.logic.webservice.cashdeskline.cashdesk.CashDesk.startSale(java.lang.String, long);1418;181;845;8926;
;public java.util.Set org.cocome.cloud.logic.webservice.cashdeskline.cashdesk.CashDesk.startSale(java.lang.String, long);1439;175;726;8206;
