TEntryCall;
;;OperationSignature;elapsed;start;end;
;;public java.util.Set org.cocome.cloud.logic.webservice.cashdeskline.cashdesk.CashDesk.finishSale(java.lang.String,long);916210;9417606462093757;9417606463009967;
;;public java.util.Set org.cocome.cloud.logic.webservice.cashdeskline.cashdesk.CashDesk.finishSale(java.lang.String,long);16308;9417606467295660;9417606467311968;
;;public org.cocome.tradingsystem.inventory.application.store.ProductWithStockItemTO org.cocome.tradingsystem.inventory.application.store.StoreServer.getProductWithStockItem(long,long);27133;9417606467892253;9417606467919386;
;;public org.cocome.tradingsystem.inventory.application.store.StoreWithEnterpriseTO org.cocome.tradingsystem.inventory.application.store.StoreServer.getStore(long);13623;9417606468680365;9417606468693988;
;;public org.cocome.tradingsystem.inventory.application.store.StoreWithEnterpriseTO org.cocome.tradingsystem.inventory.application.store.StoreServer.getStore(long);14807;9417606469298537;9417606469313344;
;;public org.cocome.tradingsystem.inventory.data.store.IStockItem org.cocome.tradingsystem.inventory.data.store.EnterpriseStoreQueryProvider.queryStockItem(long,long);16187;9417606469907600;9417606469923787;
;;public org.cocome.tradingsystem.inventory.data.enterprise.IProduct org.cocome.tradingsystem.inventory.data.enterprise.StoreEnterpriseQueryProvider.queryProductByBarcode(long);13669;9417606481081601;9417606481095270;
;;public void org.cocome.tradingsystem.inventory.application.store.StoreServer.createStockItem(long,org.cocome.tradingsystem.inventory.application.store.ProductWithStockItemTO);12572;9417606481645772;9417606481658344;
;;public java.util.Set org.cocome.cloud.logic.webservice.cashdeskline.cashdesk.CashDesk.selectPaymentMode(java.lang.String,long,java.lang.String);13758;9417606482202281;9417606482216039;
;;public void org.cocome.tradingsystem.inventory.data.enterprise.TradingEnterprise.initTradingEnterprise();13653;9417606482861549;9417606482875202;
;;public void org.cocome.tradingsystem.inventory.application.store.StoreServer.createStockItem(long,org.cocome.tradingsystem.inventory.application.store.ProductWithStockItemTO);13642;9417606483336565;9417606483350207;
;;public org.cocome.tradingsystem.inventory.application.store.StoreWithEnterpriseTO org.cocome.tradingsystem.inventory.data.store.StoreDatatypesFactory.fillStoreWithEnterpriseTO(org.cocome.tradingsystem.inventory.data.store.IStore);12165;9417606483706721;9417606483718886;
;;public void org.cocome.tradingsystem.inventory.data.store.Store.initStore();12161;9417606484154010;9417606484166171;
;;public void org.cocome.tradingsystem.inventory.data.store.Store.initStore();11936;9417606484581844;9417606484593780;
;;public java.util.Set org.cocome.cloud.logic.webservice.cashdeskline.cashdesk.CashDesk.startSale(java.lang.String,long);12068;9417606484929939;9417606484942007;
;;public org.cocome.tradingsystem.inventory.data.store.IStockItem org.cocome.tradingsystem.inventory.data.store.EnterpriseStoreQueryProvider.queryStockItem(long,long);12403;9417606486634261;9417606486646664;
;;public org.cocome.tradingsystem.inventory.data.enterprise.ITradingEnterprise org.cocome.tradingsystem.inventory.data.enterprise.StoreEnterpriseQueryProvider.queryEnterpriseByName(java.lang.String);10982;9417606487473020;9417606487484002;
;;public java.util.Set org.cocome.cloud.logic.webservice.cashdeskline.cashdesk.CashDesk.startSale(java.lang.String,long);10816;9417606487877599;9417606487888415;
;;public org.cocome.tradingsystem.inventory.application.store.StoreWithEnterpriseTO org.cocome.tradingsystem.inventory.data.store.StoreDatatypesFactory.fillStoreWithEnterpriseTO(org.cocome.tradingsystem.inventory.data.store.IStore);12412;9417606488233007;9417606488245419;
;;public org.cocome.tradingsystem.inventory.data.enterprise.ITradingEnterprise org.cocome.tradingsystem.inventory.data.enterprise.StoreEnterpriseQueryProvider.queryEnterpriseByName(java.lang.String);13139;9417606488805864;9417606488819003;
;;public java.util.Set org.cocome.cloud.logic.webservice.cashdeskline.cashdesk.CashDesk.startSale(java.lang.String,long);11967;9417606489164251;9417606489176218;
;;public org.cocome.tradingsystem.inventory.data.store.IStore org.cocome.tradingsystem.inventory.data.store.EnterpriseStoreQueryProvider.queryStoreById(long);15823;9417606489496150;9417606489511973;
;;public java.util.Set org.cocome.cloud.logic.webservice.cashdeskline.cashdesk.barcodescanner.BarcodeScanner.sendProductBarcode(java.lang.String,long,long);10518;9417606489964573;9417606489975091;
;;public java.util.Set org.cocome.cloud.logic.webservice.cashdeskline.cashdesk.CashDesk.selectPaymentMode(java.lang.String,long,java.lang.String);10530;9417606490343663;9417606490354193;
;;public void org.cocome.tradingsystem.inventory.data.enterprise.TradingEnterprise.initTradingEnterprise();10527;9417606490645013;9417606490655540;
;;public org.cocome.tradingsystem.inventory.application.store.StoreWithEnterpriseTO org.cocome.tradingsystem.inventory.application.store.StoreServer.getStore(long);14942;9417606490948981;9417606490963923;
;;public void org.cocome.tradingsystem.inventory.data.store.Store.initStore();10524;9417606491253236;9417606491263760;
;;public void org.cocome.tradingsystem.inventory.data.store.Store.initStore();11858;9417606491551346;9417606491563204;
;;public void org.cocome.tradingsystem.inventory.data.store.Store.initStore();10322;9417606491879959;9417606491890281;
;;public java.util.Set org.cocome.cloud.logic.webservice.cashdeskline.cashdesk.barcodescanner.BarcodeScanner.sendProductBarcode(java.lang.String,long,long);11369;9417606492383551;9417606492394920;
;;public org.cocome.tradingsystem.inventory.application.store.ProductWithStockItemTO org.cocome.tradingsystem.inventory.application.store.StoreServer.getProductWithStockItem(long,long);10861;9417606492698691;9417606492709552;
;;public org.cocome.tradingsystem.inventory.data.store.IStockItem org.cocome.tradingsystem.inventory.data.store.EnterpriseStoreQueryProvider.queryStockItem(long,long);13053;9417606493004603;9417606493017656;
;;public org.cocome.tradingsystem.inventory.application.store.ProductWithStockItemTO org.cocome.tradingsystem.inventory.application.store.StoreServer.getProductWithStockItem(long,long);10973;9417606497536964;9417606497547937;
;;public org.cocome.tradingsystem.inventory.application.store.ProductWithStockItemTO org.cocome.tradingsystem.inventory.application.store.StoreServer.getProductWithStockItem(long,long);7656;9417606498083030;9417606498090686;
;;public org.cocome.tradingsystem.inventory.data.enterprise.ITradingEnterprise org.cocome.tradingsystem.inventory.data.enterprise.StoreEnterpriseQueryProvider.queryEnterpriseByName(java.lang.String);7518;9417606498380814;9417606498388332;
;;public java.util.Set org.cocome.cloud.logic.webservice.cashdeskline.cashdesk.CashDesk.finishSale(java.lang.String,long);7552;9417606498670870;9417606498678422;
;;public org.cocome.tradingsystem.inventory.application.store.ProductWithStockItemTO org.cocome.tradingsystem.inventory.application.store.StoreServer.getProductWithStockItem(long,long);7829;9417606498991379;9417606498999208;
;;public org.cocome.tradingsystem.inventory.data.enterprise.IProduct org.cocome.tradingsystem.inventory.data.enterprise.StoreEnterpriseQueryProvider.queryProductByBarcode(long);7448;9417606499306954;9417606499314402;
;;public org.cocome.tradingsystem.inventory.application.store.StoreWithEnterpriseTO org.cocome.tradingsystem.inventory.data.store.StoreDatatypesFactory.fillStoreWithEnterpriseTO(org.cocome.tradingsystem.inventory.data.store.IStore);7705;9417606499618219;9417606499625924;
;;public java.util.Set org.cocome.cloud.logic.webservice.cashdeskline.cashdesk.CashDesk.finishSale(java.lang.String,long);8860;9417606500205824;9417606500214684;
;;public org.cocome.tradingsystem.inventory.application.store.ProductWithStockItemTO org.cocome.tradingsystem.inventory.application.store.StoreServer.getProductWithStockItem(long,long);8640;9417606500507047;9417606500515687;
;;public java.util.Set org.cocome.cloud.logic.webservice.cashdeskline.cashdesk.CashDesk.selectPaymentMode(java.lang.String,long,java.lang.String);7720;9417606500797831;9417606500805551;
;;public org.cocome.tradingsystem.inventory.data.store.IStore org.cocome.tradingsystem.inventory.data.store.EnterpriseStoreQueryProvider.queryStoreById(long);7815;9417606501151487;9417606501159302;
;;public void org.cocome.tradingsystem.inventory.application.store.StoreServer.createStockItem(long,org.cocome.tradingsystem.inventory.application.store.ProductWithStockItemTO);16669;9417606501615422;9417606501632091;
;;public org.cocome.tradingsystem.inventory.data.store.IStockItem org.cocome.tradingsystem.inventory.data.store.EnterpriseStoreQueryProvider.queryStockItem(long,long);8403;9417606501961916;9417606501970319;
;;public java.util.Set org.cocome.cloud.logic.webservice.cashdeskline.cashdesk.CashDesk.finishSale(java.lang.String,long);7559;9417606502265186;9417606502272745;
;;public org.cocome.tradingsystem.inventory.application.store.StoreWithEnterpriseTO org.cocome.tradingsystem.inventory.data.store.StoreDatatypesFactory.fillStoreWithEnterpriseTO(org.cocome.tradingsystem.inventory.data.store.IStore);7447;9417606502942572;9417606502950019;
;;public org.cocome.tradingsystem.inventory.application.store.ProductWithStockItemTO org.cocome.tradingsystem.inventory.application.store.StoreServer.getProductWithStockItem(long,long);7539;9417606503236904;9417606503244443;
;;public java.util.Set org.cocome.cloud.logic.webservice.cashdeskline.cashdesk.CashDesk.selectPaymentMode(java.lang.String,long,java.lang.String);7414;9417606503532080;9417606503539494;
;;public org.cocome.tradingsystem.inventory.data.enterprise.IProduct org.cocome.tradingsystem.inventory.data.enterprise.StoreEnterpriseQueryProvider.queryProductByBarcode(long);8559;9417606503994512;9417606504003071;
;;public org.cocome.tradingsystem.inventory.data.enterprise.ITradingEnterprise org.cocome.tradingsystem.inventory.data.enterprise.StoreEnterpriseQueryProvider.queryEnterpriseByName(java.lang.String);7731;9417606504365854;9417606504373585;
;;public org.cocome.tradingsystem.inventory.application.store.StoreWithEnterpriseTO org.cocome.tradingsystem.inventory.application.store.StoreServer.getStore(long);7327;9417606504640016;9417606504647343;
;;public void org.cocome.tradingsystem.inventory.application.store.StoreServer.createStockItem(long,org.cocome.tradingsystem.inventory.application.store.ProductWithStockItemTO);7175;9417606504944102;9417606504951277;
;;public void org.cocome.tradingsystem.inventory.application.store.StoreServer.createStockItem(long,org.cocome.tradingsystem.inventory.application.store.ProductWithStockItemTO);7859;9417606505257162;9417606505265021;
;;public org.cocome.tradingsystem.inventory.application.store.StoreWithEnterpriseTO org.cocome.tradingsystem.inventory.data.store.StoreDatatypesFactory.fillStoreWithEnterpriseTO(org.cocome.tradingsystem.inventory.data.store.IStore);7880;9417606505539939;9417606505547819;
;;public java.util.Set org.cocome.cloud.logic.webservice.cashdeskline.cashdesk.CashDesk.selectPaymentMode(java.lang.String,long,java.lang.String);9287;9417606505837185;9417606505846472;
;;public void org.cocome.tradingsystem.inventory.data.enterprise.TradingEnterprise.initTradingEnterprise();7934;9417606506129763;9417606506137697;
;;public java.util.Set org.cocome.cloud.logic.webservice.cashdeskline.cashdesk.CashDesk.selectPaymentMode(java.lang.String,long,java.lang.String);7697;9417606506377763;9417606506385460;
;;public void org.cocome.cloud.logic.webservice.store.StoreManager.createStockItem(long,org.cocome.tradingsystem.inventory.application.store.ProductWithStockItemTO);6989;9417606506622787;9417606506629776;
;;public java.util.Set org.cocome.cloud.logic.webservice.cashdeskline.cashdesk.CashDesk.finishSale(java.lang.String,long);8617;9417606507156511;9417606507165128;
;;public void org.cocome.tradingsystem.inventory.data.store.Store.initStore();7582;9417606507428096;9417606507435678;
;;public org.cocome.tradingsystem.inventory.data.store.IStore org.cocome.tradingsystem.inventory.data.store.EnterpriseStoreQueryProvider.queryStoreById(long);8281;9417606508131949;9417606508140230;
;;public org.cocome.tradingsystem.inventory.data.enterprise.ITradingEnterprise org.cocome.tradingsystem.inventory.data.enterprise.StoreEnterpriseQueryProvider.queryEnterpriseByName(java.lang.String);8344;9417606508415576;9417606508423920;
;;public org.cocome.tradingsystem.inventory.application.store.ProductWithStockItemTO org.cocome.tradingsystem.inventory.application.store.StoreServer.getProductWithStockItem(long,long);9343;9417606508712636;9417606508721979;
;;public void org.cocome.cloud.logic.webservice.store.StoreManager.createStockItem(long,org.cocome.tradingsystem.inventory.application.store.ProductWithStockItemTO);7092;9417606508965091;9417606508972183;
;;public void org.cocome.cloud.logic.webservice.store.StoreManager.createStockItem(long,org.cocome.tradingsystem.inventory.application.store.ProductWithStockItemTO);9751;9417606510118881;9417606510128632;
;;public org.cocome.tradingsystem.inventory.data.enterprise.IProduct org.cocome.tradingsystem.inventory.data.enterprise.StoreEnterpriseQueryProvider.queryProductByBarcode(long);6915;9417606510389437;9417606510396352;
;;public void org.cocome.tradingsystem.inventory.application.store.StoreServer.createStockItem(long,org.cocome.tradingsystem.inventory.application.store.ProductWithStockItemTO);6845;9417606510621003;9417606510627848;
;;public org.cocome.tradingsystem.inventory.application.store.StoreWithEnterpriseTO org.cocome.tradingsystem.inventory.application.store.StoreServer.getStore(long);7096;9417606510873117;9417606510880213;
;;public void org.cocome.tradingsystem.inventory.application.store.StoreServer.createStockItem(long,org.cocome.tradingsystem.inventory.application.store.ProductWithStockItemTO);7081;9417606511196714;9417606511203795;
;;public void org.cocome.tradingsystem.inventory.data.store.Store.initStore();7148;9417606511457398;9417606511464546;
;;public org.cocome.tradingsystem.inventory.data.store.IStore org.cocome.tradingsystem.inventory.data.store.EnterpriseStoreQueryProvider.queryStoreById(long);6728;9417606511697305;9417606511704033;
;;public void org.cocome.tradingsystem.inventory.application.store.StoreServer.createStockItem(long,org.cocome.tradingsystem.inventory.application.store.ProductWithStockItemTO);6840;9417606511933298;9417606511940138;
;;public org.cocome.tradingsystem.inventory.data.store.IStore org.cocome.tradingsystem.inventory.data.store.EnterpriseStoreQueryProvider.queryStoreById(long);6751;9417606512172120;9417606512178871;
;;public void org.cocome.tradingsystem.inventory.application.store.StoreServer.createStockItem(long,org.cocome.tradingsystem.inventory.application.store.ProductWithStockItemTO);7042;9417606512385653;9417606512392695;
;;public org.cocome.tradingsystem.inventory.application.store.ProductWithStockItemTO org.cocome.tradingsystem.inventory.application.store.StoreServer.getProductWithStockItem(long,long);7555;9417606512601109;9417606512608664;
;;public void org.cocome.cloud.logic.webservice.store.StoreManager.createStockItem(long,org.cocome.tradingsystem.inventory.application.store.ProductWithStockItemTO);6998;9417606513202013;9417606513209011;
;;public org.cocome.tradingsystem.inventory.data.store.IStockItem org.cocome.tradingsystem.inventory.data.store.EnterpriseStoreQueryProvider.queryStockItem(long,long);7228;9417606513450634;9417606513457862;
;;public java.util.Set org.cocome.cloud.logic.webservice.cashdeskline.cashdesk.CashDesk.finishSale(java.lang.String,long);6788;9417606513673042;9417606513679830;
;;public void org.cocome.tradingsystem.inventory.application.store.StoreServer.createStockItem(long,org.cocome.tradingsystem.inventory.application.store.ProductWithStockItemTO);7380;9417606513973798;9417606513981178;
;;public org.cocome.tradingsystem.inventory.data.store.IStockItem org.cocome.tradingsystem.inventory.data.store.EnterpriseStoreQueryProvider.queryStockItem(long,long);6686;9417606514193320;9417606514200006;
;;public org.cocome.tradingsystem.inventory.data.enterprise.IProduct org.cocome.tradingsystem.inventory.data.enterprise.StoreEnterpriseQueryProvider.queryProductByBarcode(long);8448;9417606514403110;9417606514411558;
;;public void org.cocome.tradingsystem.inventory.data.store.Store.initStore();6677;9417606514614471;9417606514621148;
;;public void org.cocome.cloud.logic.webservice.store.StoreManager.createStockItem(long,org.cocome.tradingsystem.inventory.application.store.ProductWithStockItemTO);7224;9417606514829792;9417606514837016;
;;public void org.cocome.cloud.logic.webservice.store.StoreManager.createStockItem(long,org.cocome.tradingsystem.inventory.application.store.ProductWithStockItemTO);6927;9417606515038735;9417606515045662;
;;public org.cocome.tradingsystem.inventory.data.enterprise.ITradingEnterprise org.cocome.tradingsystem.inventory.data.enterprise.StoreEnterpriseQueryProvider.queryEnterpriseByName(java.lang.String);7323;9417606515260405;9417606515267728;
;;public java.util.Set org.cocome.cloud.logic.webservice.cashdeskline.cashdesk.CashDesk.startSale(java.lang.String,long);6801;9417606515469522;9417606515476323;
;;public org.cocome.tradingsystem.inventory.data.enterprise.IProduct org.cocome.tradingsystem.inventory.data.enterprise.StoreEnterpriseQueryProvider.queryProductByBarcode(long);15213;9417606515677870;9417606515693083;
;;public void org.cocome.tradingsystem.inventory.data.enterprise.TradingEnterprise.initTradingEnterprise();7688;9417606515920893;9417606515928581;
;;public org.cocome.tradingsystem.inventory.data.store.IStore org.cocome.tradingsystem.inventory.data.store.EnterpriseStoreQueryProvider.queryStoreById(long);8160;9417606516256586;9417606516264746;
;;public org.cocome.tradingsystem.inventory.data.store.IStore org.cocome.tradingsystem.inventory.data.store.EnterpriseStoreQueryProvider.queryStoreById(long);7752;9417606516505330;9417606516513082;
;;public java.util.Set org.cocome.cloud.logic.webservice.cashdeskline.cashdesk.CashDesk.selectPaymentMode(java.lang.String,long,java.lang.String);7574;9417606516738951;9417606516746525;
;;public org.cocome.tradingsystem.inventory.application.store.ProductWithStockItemTO org.cocome.tradingsystem.inventory.application.store.StoreServer.getProductWithStockItem(long,long);6991;9417606517360021;9417606517367012;
;;public void org.cocome.tradingsystem.inventory.data.store.Store.initStore();7889;9417606517604552;9417606517612441;
;;public java.util.Set org.cocome.cloud.logic.webservice.cashdeskline.cashdesk.CashDesk.selectPaymentMode(java.lang.String,long,java.lang.String);7207;9417606517867364;9417606517874571;
;;public void org.cocome.tradingsystem.inventory.data.store.Store.initStore();8743;9417606518084872;9417606518093615;
;;public org.cocome.tradingsystem.inventory.application.store.StoreWithEnterpriseTO org.cocome.tradingsystem.inventory.application.store.StoreServer.getStore(long);6868;9417606518304952;9417606518311820;
;;public org.cocome.tradingsystem.inventory.data.store.IStore org.cocome.tradingsystem.inventory.data.store.EnterpriseStoreQueryProvider.queryStoreById(long);7310;9417606518614007;9417606518621317;
;;public java.util.Set org.cocome.cloud.logic.webservice.cashdeskline.cashdesk.CashDesk.startSale(java.lang.String,long);6826;9417606518826156;9417606518832982;
;;public org.cocome.tradingsystem.inventory.data.enterprise.IProduct org.cocome.tradingsystem.inventory.data.enterprise.StoreEnterpriseQueryProvider.queryProductByBarcode(long);7826;9417606519208175;9417606519216001;
