TEntryCallSequence;
;OperationSignature;sessionCreation;approvedListCreation;entryCallSequenceModelCreation;elapsed;
;public java.util.Set org.cocome.cloud.logic.webservice.cashdeskline.cashdesk.CashDesk.startSale(java.lang.String, long);36522;622;538301;1797793;
;public java.util.Set org.cocome.cloud.logic.webservice.cashdeskline.cashdesk.CashDesk.startSale(java.lang.String, long);2050;207;986;12206;
;public java.util.Set org.cocome.cloud.logic.webservice.cashdeskline.cashdesk.CashDesk.startSale(java.lang.String, long);1634;197;799;10673;
;public java.util.Set org.cocome.cloud.logic.webservice.cashdeskline.cashdesk.CashDesk.startSale(java.lang.String, long);1650;186;967;10356;
;public java.util.Set org.cocome.cloud.logic.webservice.cashdeskline.cashdesk.CashDesk.startSale(java.lang.String, long);1886;175;1068;11890;
;public java.util.Set org.cocome.cloud.logic.webservice.cashdeskline.cashdesk.CashDesk.startSale(java.lang.String, long);1745;221;1036;11118;
;public java.util.Set org.cocome.cloud.logic.webservice.cashdeskline.cashdesk.CashDesk.startSale(java.lang.String, long);1806;182;885;10097;
;public java.util.Set org.cocome.cloud.logic.webservice.cashdeskline.cashdesk.CashDesk.startSale(java.lang.String, long);1730;167;975;10166;
;public java.util.Set org.cocome.cloud.logic.webservice.cashdeskline.cashdesk.CashDesk.startSale(java.lang.String, long);1986;172;964;10931;
;public java.util.Set org.cocome.cloud.logic.webservice.cashdeskline.cashdesk.CashDesk.startSale(java.lang.String, long);1759;184;901;10659;
;public java.util.Set org.cocome.cloud.logic.webservice.cashdeskline.cashdesk.CashDesk.startSale(java.lang.String, long);1927;334;865;10724;
;public java.util.Set org.cocome.cloud.logic.webservice.cashdeskline.cashdesk.CashDesk.startSale(java.lang.String, long);1848;204;895;10579;
;public java.util.Set org.cocome.cloud.logic.webservice.cashdeskline.cashdesk.CashDesk.startSale(java.lang.String, long);2330;166;811;11225;
;public java.util.Set org.cocome.cloud.logic.webservice.cashdeskline.cashdesk.CashDesk.startSale(java.lang.String, long);1572;180;921;10103;
;public java.util.Set org.cocome.cloud.logic.webservice.cashdeskline.cashdesk.CashDesk.startSale(java.lang.String, long);1657;216;811;9841;
;public java.util.Set org.cocome.cloud.logic.webservice.cashdeskline.cashdesk.CashDesk.startSale(java.lang.String, long);1676;192;887;21663;
;public java.util.Set org.cocome.cloud.logic.webservice.cashdeskline.cashdesk.CashDesk.startSale(java.lang.String, long);1607;202;984;10476;
;public java.util.Set org.cocome.cloud.logic.webservice.cashdeskline.cashdesk.CashDesk.startSale(java.lang.String, long);1709;185;852;10357;
;public java.util.Set org.cocome.cloud.logic.webservice.cashdeskline.cashdesk.CashDesk.startSale(java.lang.String, long);2168;177;1324;14300;
;public java.util.Set org.cocome.cloud.logic.webservice.cashdeskline.cashdesk.CashDesk.startSale(java.lang.String, long);2217;214;887;13446;
;public java.util.Set org.cocome.cloud.logic.webservice.cashdeskline.cashdesk.CashDesk.startSale(java.lang.String, long);2289;204;1063;11932;
;public java.util.Set org.cocome.cloud.logic.webservice.cashdeskline.cashdesk.CashDesk.startSale(java.lang.String, long);1835;161;840;9903;
;public java.util.Set org.cocome.cloud.logic.webservice.cashdeskline.cashdesk.CashDesk.startSale(java.lang.String, long);2154;245;964;12458;
;public java.util.Set org.cocome.cloud.logic.webservice.cashdeskline.cashdesk.CashDesk.startSale(java.lang.String, long);1837;223;914;10475;
;public java.util.Set org.cocome.cloud.logic.webservice.cashdeskline.cashdesk.CashDesk.startSale(java.lang.String, long);3352;189;927;12791;
;public java.util.Set org.cocome.cloud.logic.webservice.cashdeskline.cashdesk.CashDesk.startSale(java.lang.String, long);1648;168;848;9367;
;public java.util.Set org.cocome.cloud.logic.webservice.cashdeskline.cashdesk.CashDesk.startSale(java.lang.String, long);2028;212;984;10368;
;public java.util.Set org.cocome.cloud.logic.webservice.cashdeskline.cashdesk.CashDesk.startSale(java.lang.String, long);1782;202;1009;10221;
;public java.util.Set org.cocome.cloud.logic.webservice.cashdeskline.cashdesk.CashDesk.startSale(java.lang.String, long);1968;220;918;9675;
;public java.util.Set org.cocome.cloud.logic.webservice.cashdeskline.cashdesk.CashDesk.startSale(java.lang.String, long);1978;203;1180;10579;
;public java.util.Set org.cocome.cloud.logic.webservice.cashdeskline.cashdesk.CashDesk.startSale(java.lang.String, long);2261;188;813;10153;
;public java.util.Set org.cocome.cloud.logic.webservice.cashdeskline.cashdesk.CashDesk.startSale(java.lang.String, long);1913;229;918;11452;
;public java.util.Set org.cocome.cloud.logic.webservice.cashdeskline.cashdesk.CashDesk.startSale(java.lang.String, long);2064;199;894;10305;
;public java.util.Set org.cocome.cloud.logic.webservice.cashdeskline.cashdesk.CashDesk.startSale(java.lang.String, long);1949;204;990;10583;
;public java.util.Set org.cocome.cloud.logic.webservice.cashdeskline.cashdesk.CashDesk.startSale(java.lang.String, long);2165;241;1056;11192;
;public java.util.Set org.cocome.cloud.logic.webservice.cashdeskline.cashdesk.CashDesk.startSale(java.lang.String, long);2156;247;1136;12015;
;public java.util.Set org.cocome.cloud.logic.webservice.cashdeskline.cashdesk.CashDesk.startSale(java.lang.String, long);2137;233;2877;17709;
;public java.util.Set org.cocome.cloud.logic.webservice.cashdeskline.cashdesk.CashDesk.startSale(java.lang.String, long);2102;1915;899;18591;
;public java.util.Set org.cocome.cloud.logic.webservice.cashdeskline.cashdesk.CashDesk.startSale(java.lang.String, long);1908;1178;1787;17834;
;public java.util.Set org.cocome.cloud.logic.webservice.cashdeskline.cashdesk.CashDesk.startSale(java.lang.String, long);1457;166;873;9663;
;public java.util.Set org.cocome.cloud.logic.webservice.cashdeskline.cashdesk.CashDesk.startSale(java.lang.String, long);1357;197;776;8472;
;public java.util.Set org.cocome.cloud.logic.webservice.cashdeskline.cashdesk.CashDesk.startSale(java.lang.String, long);1349;186;819;9905;
;public java.util.Set org.cocome.cloud.logic.webservice.cashdeskline.cashdesk.CashDesk.startSale(java.lang.String, long);1275;194;925;8737;
;public java.util.Set org.cocome.cloud.logic.webservice.cashdeskline.cashdesk.CashDesk.startSale(java.lang.String, long);1338;208;768;8331;
;public java.util.Set org.cocome.cloud.logic.webservice.cashdeskline.cashdesk.CashDesk.startSale(java.lang.String, long);1209;172;759;8339;
;public java.util.Set org.cocome.cloud.logic.webservice.cashdeskline.cashdesk.CashDesk.startSale(java.lang.String, long);1471;179;961;8738;
;public java.util.Set org.cocome.cloud.logic.webservice.cashdeskline.cashdesk.CashDesk.startSale(java.lang.String, long);1272;201;820;8107;
;public java.util.Set org.cocome.cloud.logic.webservice.cashdeskline.cashdesk.CashDesk.startSale(java.lang.String, long);1235;171;850;8155;
;public java.util.Set org.cocome.cloud.logic.webservice.cashdeskline.cashdesk.CashDesk.startSale(java.lang.String, long);4000;207;1151;13778;
;public java.util.Set org.cocome.cloud.logic.webservice.cashdeskline.cashdesk.CashDesk.startSale(java.lang.String, long);1206;182;956;8532;
;public java.util.Set org.cocome.cloud.logic.webservice.cashdeskline.cashdesk.CashDesk.startSale(java.lang.String, long);1315;183;980;7988;
;public java.util.Set org.cocome.cloud.logic.webservice.cashdeskline.cashdesk.CashDesk.startSale(java.lang.String, long);1235;175;811;7875;
;public java.util.Set org.cocome.cloud.logic.webservice.cashdeskline.cashdesk.CashDesk.startSale(java.lang.String, long);1318;158;863;7974;
;public java.util.Set org.cocome.cloud.logic.webservice.cashdeskline.cashdesk.CashDesk.startSale(java.lang.String, long);1387;177;832;8138;
;public java.util.Set org.cocome.cloud.logic.webservice.cashdeskline.cashdesk.CashDesk.startSale(java.lang.String, long);1380;159;893;8673;
;public java.util.Set org.cocome.cloud.logic.webservice.cashdeskline.cashdesk.CashDesk.startSale(java.lang.String, long);1371;159;845;7912;
;public java.util.Set org.cocome.cloud.logic.webservice.cashdeskline.cashdesk.CashDesk.startSale(java.lang.String, long);1259;167;832;8109;
;public java.util.Set org.cocome.cloud.logic.webservice.cashdeskline.cashdesk.CashDesk.startSale(java.lang.String, long);1365;201;851;8282;
;public java.util.Set org.cocome.cloud.logic.webservice.cashdeskline.cashdesk.CashDesk.startSale(java.lang.String, long);1214;200;1046;8084;
;public java.util.Set org.cocome.cloud.logic.webservice.cashdeskline.cashdesk.CashDesk.startSale(java.lang.String, long);1959;257;1304;13631;
;public java.util.Set org.cocome.cloud.logic.webservice.cashdeskline.cashdesk.CashDesk.startSale(java.lang.String, long);1512;217;1161;10726;
;public java.util.Set org.cocome.cloud.logic.webservice.cashdeskline.cashdesk.CashDesk.startSale(java.lang.String, long);1375;199;891;8981;
;public java.util.Set org.cocome.cloud.logic.webservice.cashdeskline.cashdesk.CashDesk.startSale(java.lang.String, long);1513;244;1034;11853;
;public java.util.Set org.cocome.cloud.logic.webservice.cashdeskline.cashdesk.CashDesk.startSale(java.lang.String, long);1804;234;944;11319;
;public java.util.Set org.cocome.cloud.logic.webservice.cashdeskline.cashdesk.CashDesk.startSale(java.lang.String, long);1573;216;956;9422;
;public java.util.Set org.cocome.cloud.logic.webservice.cashdeskline.cashdesk.CashDesk.startSale(java.lang.String, long);1643;237;951;10251;
;public java.util.Set org.cocome.cloud.logic.webservice.cashdeskline.cashdesk.CashDesk.startSale(java.lang.String, long);1721;223;988;10653;
;public java.util.Set org.cocome.cloud.logic.webservice.cashdeskline.cashdesk.CashDesk.startSale(java.lang.String, long);1562;198;931;10257;
;public java.util.Set org.cocome.cloud.logic.webservice.cashdeskline.cashdesk.CashDesk.startSale(java.lang.String, long);1465;221;957;10102;
;public java.util.Set org.cocome.cloud.logic.webservice.cashdeskline.cashdesk.CashDesk.startSale(java.lang.String, long);1453;207;1358;11417;
;public java.util.Set org.cocome.cloud.logic.webservice.cashdeskline.cashdesk.CashDesk.startSale(java.lang.String, long);1500;235;1155;10853;
;public java.util.Set org.cocome.cloud.logic.webservice.cashdeskline.cashdesk.CashDesk.startSale(java.lang.String, long);1143;158;961;8358;
;public java.util.Set org.cocome.cloud.logic.webservice.cashdeskline.cashdesk.CashDesk.startSale(java.lang.String, long);1222;158;1074;8870;
;public java.util.Set org.cocome.cloud.logic.webservice.cashdeskline.cashdesk.CashDesk.startSale(java.lang.String, long);1410;178;923;8836;
;public java.util.Set org.cocome.cloud.logic.webservice.cashdeskline.cashdesk.CashDesk.startSale(java.lang.String, long);1720;197;876;10991;
;public java.util.Set org.cocome.cloud.logic.webservice.cashdeskline.cashdesk.CashDesk.startSale(java.lang.String, long);1467;181;857;8926;
;public java.util.Set org.cocome.cloud.logic.webservice.cashdeskline.cashdesk.CashDesk.startSale(java.lang.String, long);1229;161;923;8129;
;public java.util.Set org.cocome.cloud.logic.webservice.cashdeskline.cashdesk.CashDesk.startSale(java.lang.String, long);1911;243;1264;13992;
;public java.util.Set org.cocome.cloud.logic.webservice.cashdeskline.cashdesk.CashDesk.startSale(java.lang.String, long);1956;230;2286;16204;
;public java.util.Set org.cocome.cloud.logic.webservice.cashdeskline.cashdesk.CashDesk.startSale(java.lang.String, long);1625;233;1162;11446;
;public java.util.Set org.cocome.cloud.logic.webservice.cashdeskline.cashdesk.CashDesk.startSale(java.lang.String, long);1204;150;1048;9138;
;public java.util.Set org.cocome.cloud.logic.webservice.cashdeskline.cashdesk.CashDesk.startSale(java.lang.String, long);1274;167;777;8261;
;public java.util.Set org.cocome.cloud.logic.webservice.cashdeskline.cashdesk.CashDesk.startSale(java.lang.String, long);1268;173;763;7920;
;public java.util.Set org.cocome.cloud.logic.webservice.cashdeskline.cashdesk.CashDesk.startSale(java.lang.String, long);1210;176;829;8329;
;public java.util.Set org.cocome.cloud.logic.webservice.cashdeskline.cashdesk.CashDesk.startSale(java.lang.String, long);1401;155;816;8818;
;public java.util.Set org.cocome.cloud.logic.webservice.cashdeskline.cashdesk.CashDesk.startSale(java.lang.String, long);1407;208;796;9450;
;public java.util.Set org.cocome.cloud.logic.webservice.cashdeskline.cashdesk.CashDesk.startSale(java.lang.String, long);1316;172;869;8487;
;public java.util.Set org.cocome.cloud.logic.webservice.cashdeskline.cashdesk.CashDesk.startSale(java.lang.String, long);1318;158;803;8616;
;public java.util.Set org.cocome.cloud.logic.webservice.cashdeskline.cashdesk.CashDesk.startSale(java.lang.String, long);1337;166;983;8491;
;public java.util.Set org.cocome.cloud.logic.webservice.cashdeskline.cashdesk.CashDesk.startSale(java.lang.String, long);1390;203;955;9224;
;public java.util.Set org.cocome.cloud.logic.webservice.cashdeskline.cashdesk.CashDesk.startSale(java.lang.String, long);1386;185;887;8570;
;public java.util.Set org.cocome.cloud.logic.webservice.cashdeskline.cashdesk.CashDesk.startSale(java.lang.String, long);1485;190;953;10493;
;public java.util.Set org.cocome.cloud.logic.webservice.cashdeskline.cashdesk.CashDesk.startSale(java.lang.String, long);1375;205;1102;9463;
;public java.util.Set org.cocome.cloud.logic.webservice.cashdeskline.cashdesk.CashDesk.startSale(java.lang.String, long);1615;233;929;10453;
;public java.util.Set org.cocome.cloud.logic.webservice.cashdeskline.cashdesk.CashDesk.startSale(java.lang.String, long);1645;211;1055;11396;
;public java.util.Set org.cocome.cloud.logic.webservice.cashdeskline.cashdesk.CashDesk.startSale(java.lang.String, long);1753;206;1220;13037;
;public java.util.Set org.cocome.cloud.logic.webservice.cashdeskline.cashdesk.CashDesk.startSale(java.lang.String, long);8739;227;1072;23137;
;public java.util.Set org.cocome.cloud.logic.webservice.cashdeskline.cashdesk.CashDesk.startSale(java.lang.String, long);1756;176;1254;11502;
;public java.util.Set org.cocome.cloud.logic.webservice.cashdeskline.cashdesk.CashDesk.startSale(java.lang.String, long);1487;205;904;9950;
;public java.util.Set org.cocome.cloud.logic.webservice.cashdeskline.cashdesk.CashDesk.startSale(java.lang.String, long);1745;260;1211;12098;
