TEntryCallSequence;
;OperationSignature;sessionCreation;approvedListCreation;entryCallSequenceModelCreation;elapsed;
;public java.util.Set org.cocome.cloud.logic.webservice.cashdeskline.cashdesk.CashDesk.startSale(java.lang.String, long);24252;294;265571;1220208;
;public java.util.Set org.cocome.cloud.logic.webservice.cashdeskline.cashdesk.CashDesk.startSale(java.lang.String, long);1610;206;1018;10793;
;public java.util.Set org.cocome.cloud.logic.webservice.cashdeskline.cashdesk.CashDesk.startSale(java.lang.String, long);1602;185;799;9991;
;public java.util.Set org.cocome.cloud.logic.webservice.cashdeskline.cashdesk.CashDesk.startSale(java.lang.String, long);1798;168;849;9942;
;public java.util.Set org.cocome.cloud.logic.webservice.cashdeskline.cashdesk.CashDesk.startSale(java.lang.String, long);1621;201;873;9937;
;public java.util.Set org.cocome.cloud.logic.webservice.cashdeskline.cashdesk.CashDesk.startSale(java.lang.String, long);1619;156;1028;10214;
;public java.util.Set org.cocome.cloud.logic.webservice.cashdeskline.cashdesk.CashDesk.startSale(java.lang.String, long);1752;178;780;10309;
;public java.util.Set org.cocome.cloud.logic.webservice.cashdeskline.cashdesk.CashDesk.startSale(java.lang.String, long);1694;151;910;10089;
;public java.util.Set org.cocome.cloud.logic.webservice.cashdeskline.cashdesk.CashDesk.startSale(java.lang.String, long);1632;162;853;9954;
;public java.util.Set org.cocome.cloud.logic.webservice.cashdeskline.cashdesk.CashDesk.startSale(java.lang.String, long);1575;188;1248;10759;
;public java.util.Set org.cocome.cloud.logic.webservice.cashdeskline.cashdesk.CashDesk.startSale(java.lang.String, long);1852;197;861;10586;
;public java.util.Set org.cocome.cloud.logic.webservice.cashdeskline.cashdesk.CashDesk.startSale(java.lang.String, long);1870;180;984;10537;
;public java.util.Set org.cocome.cloud.logic.webservice.cashdeskline.cashdesk.CashDesk.startSale(java.lang.String, long);2570;215;892;12073;
;public java.util.Set org.cocome.cloud.logic.webservice.cashdeskline.cashdesk.CashDesk.startSale(java.lang.String, long);1667;206;983;10511;
;public java.util.Set org.cocome.cloud.logic.webservice.cashdeskline.cashdesk.CashDesk.startSale(java.lang.String, long);1889;205;963;10435;
;public java.util.Set org.cocome.cloud.logic.webservice.cashdeskline.cashdesk.CashDesk.startSale(java.lang.String, long);1572;158;1007;10150;
;public java.util.Set org.cocome.cloud.logic.webservice.cashdeskline.cashdesk.CashDesk.startSale(java.lang.String, long);1674;168;833;9583;
;public java.util.Set org.cocome.cloud.logic.webservice.cashdeskline.cashdesk.CashDesk.startSale(java.lang.String, long);1667;163;944;9591;
;public java.util.Set org.cocome.cloud.logic.webservice.cashdeskline.cashdesk.CashDesk.startSale(java.lang.String, long);1609;167;918;9755;
;public java.util.Set org.cocome.cloud.logic.webservice.cashdeskline.cashdesk.CashDesk.startSale(java.lang.String, long);1834;194;930;10105;
;public java.util.Set org.cocome.cloud.logic.webservice.cashdeskline.cashdesk.CashDesk.startSale(java.lang.String, long);1879;169;873;10230;
;public java.util.Set org.cocome.cloud.logic.webservice.cashdeskline.cashdesk.CashDesk.startSale(java.lang.String, long);2070;169;1032;10423;
;public java.util.Set org.cocome.cloud.logic.webservice.cashdeskline.cashdesk.CashDesk.startSale(java.lang.String, long);1798;205;968;10256;
;public java.util.Set org.cocome.cloud.logic.webservice.cashdeskline.cashdesk.CashDesk.startSale(java.lang.String, long);1763;175;1052;10098;
;public java.util.Set org.cocome.cloud.logic.webservice.cashdeskline.cashdesk.CashDesk.startSale(java.lang.String, long);2817;193;903;11529;
;public java.util.Set org.cocome.cloud.logic.webservice.cashdeskline.cashdesk.CashDesk.startSale(java.lang.String, long);1718;213;1055;10300;
;public java.util.Set org.cocome.cloud.logic.webservice.cashdeskline.cashdesk.CashDesk.startSale(java.lang.String, long);1724;159;902;9053;
;public java.util.Set org.cocome.cloud.logic.webservice.cashdeskline.cashdesk.CashDesk.startSale(java.lang.String, long);1605;196;817;8769;
;public java.util.Set org.cocome.cloud.logic.webservice.cashdeskline.cashdesk.CashDesk.startSale(java.lang.String, long);1861;173;1197;11039;
;public java.util.Set org.cocome.cloud.logic.webservice.cashdeskline.cashdesk.CashDesk.startSale(java.lang.String, long);1788;180;1019;10484;
;public java.util.Set org.cocome.cloud.logic.webservice.cashdeskline.cashdesk.CashDesk.startSale(java.lang.String, long);1786;160;947;9514;
;public java.util.Set org.cocome.cloud.logic.webservice.cashdeskline.cashdesk.CashDesk.startSale(java.lang.String, long);2187;200;903;11624;
;public java.util.Set org.cocome.cloud.logic.webservice.cashdeskline.cashdesk.CashDesk.startSale(java.lang.String, long);1673;155;787;8902;
;public java.util.Set org.cocome.cloud.logic.webservice.cashdeskline.cashdesk.CashDesk.startSale(java.lang.String, long);1249;165;816;8348;
;public java.util.Set org.cocome.cloud.logic.webservice.cashdeskline.cashdesk.CashDesk.startSale(java.lang.String, long);1190;207;880;8240;
;public java.util.Set org.cocome.cloud.logic.webservice.cashdeskline.cashdesk.CashDesk.startSale(java.lang.String, long);1214;195;860;7912;
;public java.util.Set org.cocome.cloud.logic.webservice.cashdeskline.cashdesk.CashDesk.startSale(java.lang.String, long);1643;157;1046;9028;
;public java.util.Set org.cocome.cloud.logic.webservice.cashdeskline.cashdesk.CashDesk.startSale(java.lang.String, long);1331;139;751;7708;
;public java.util.Set org.cocome.cloud.logic.webservice.cashdeskline.cashdesk.CashDesk.startSale(java.lang.String, long);1178;172;1050;8122;
;public java.util.Set org.cocome.cloud.logic.webservice.cashdeskline.cashdesk.CashDesk.startSale(java.lang.String, long);1270;181;1085;9409;
;public java.util.Set org.cocome.cloud.logic.webservice.cashdeskline.cashdesk.CashDesk.startSale(java.lang.String, long);1315;166;794;8358;
;public java.util.Set org.cocome.cloud.logic.webservice.cashdeskline.cashdesk.CashDesk.startSale(java.lang.String, long);1253;210;1247;9282;
;public java.util.Set org.cocome.cloud.logic.webservice.cashdeskline.cashdesk.CashDesk.startSale(java.lang.String, long);1415;189;916;9598;
;public java.util.Set org.cocome.cloud.logic.webservice.cashdeskline.cashdesk.CashDesk.startSale(java.lang.String, long);1364;176;944;10524;
;public java.util.Set org.cocome.cloud.logic.webservice.cashdeskline.cashdesk.CashDesk.startSale(java.lang.String, long);1303;177;980;9395;
;public java.util.Set org.cocome.cloud.logic.webservice.cashdeskline.cashdesk.CashDesk.startSale(java.lang.String, long);1269;199;1141;9066;
;public java.util.Set org.cocome.cloud.logic.webservice.cashdeskline.cashdesk.CashDesk.startSale(java.lang.String, long);1343;158;948;9085;
;public java.util.Set org.cocome.cloud.logic.webservice.cashdeskline.cashdesk.CashDesk.startSale(java.lang.String, long);1362;169;888;8670;
;public java.util.Set org.cocome.cloud.logic.webservice.cashdeskline.cashdesk.CashDesk.startSale(java.lang.String, long);3774;211;916;13708;
;public java.util.Set org.cocome.cloud.logic.webservice.cashdeskline.cashdesk.CashDesk.startSale(java.lang.String, long);1179;166;920;8872;
;public java.util.Set org.cocome.cloud.logic.webservice.cashdeskline.cashdesk.CashDesk.startSale(java.lang.String, long);1144;153;831;7891;
;public java.util.Set org.cocome.cloud.logic.webservice.cashdeskline.cashdesk.CashDesk.startSale(java.lang.String, long);1148;161;1097;7989;
;public java.util.Set org.cocome.cloud.logic.webservice.cashdeskline.cashdesk.CashDesk.startSale(java.lang.String, long);1133;172;837;7430;
;public java.util.Set org.cocome.cloud.logic.webservice.cashdeskline.cashdesk.CashDesk.startSale(java.lang.String, long);1375;188;809;8296;
;public java.util.Set org.cocome.cloud.logic.webservice.cashdeskline.cashdesk.CashDesk.startSale(java.lang.String, long);1375;166;1046;8673;
;public java.util.Set org.cocome.cloud.logic.webservice.cashdeskline.cashdesk.CashDesk.startSale(java.lang.String, long);1318;195;975;8066;
;public java.util.Set org.cocome.cloud.logic.webservice.cashdeskline.cashdesk.CashDesk.startSale(java.lang.String, long);1223;171;794;7960;
;public java.util.Set org.cocome.cloud.logic.webservice.cashdeskline.cashdesk.CashDesk.startSale(java.lang.String, long);1209;215;927;8172;
;public java.util.Set org.cocome.cloud.logic.webservice.cashdeskline.cashdesk.CashDesk.startSale(java.lang.String, long);1178;183;830;7936;
;public java.util.Set org.cocome.cloud.logic.webservice.cashdeskline.cashdesk.CashDesk.startSale(java.lang.String, long);1217;153;1005;8314;
;public java.util.Set org.cocome.cloud.logic.webservice.cashdeskline.cashdesk.CashDesk.startSale(java.lang.String, long);1146;175;813;7609;
;public java.util.Set org.cocome.cloud.logic.webservice.cashdeskline.cashdesk.CashDesk.startSale(java.lang.String, long);1188;169;858;7594;
;public java.util.Set org.cocome.cloud.logic.webservice.cashdeskline.cashdesk.CashDesk.startSale(java.lang.String, long);1249;208;924;10919;
;public java.util.Set org.cocome.cloud.logic.webservice.cashdeskline.cashdesk.CashDesk.startSale(java.lang.String, long);1315;174;947;9186;
;public java.util.Set org.cocome.cloud.logic.webservice.cashdeskline.cashdesk.CashDesk.startSale(java.lang.String, long);1249;155;955;8386;
;public java.util.Set org.cocome.cloud.logic.webservice.cashdeskline.cashdesk.CashDesk.startSale(java.lang.String, long);1644;152;901;9749;
;public java.util.Set org.cocome.cloud.logic.webservice.cashdeskline.cashdesk.CashDesk.startSale(java.lang.String, long);1167;221;906;21485;
;public java.util.Set org.cocome.cloud.logic.webservice.cashdeskline.cashdesk.CashDesk.startSale(java.lang.String, long);1267;184;779;7398;
;public java.util.Set org.cocome.cloud.logic.webservice.cashdeskline.cashdesk.CashDesk.startSale(java.lang.String, long);1193;170;943;7994;
;public java.util.Set org.cocome.cloud.logic.webservice.cashdeskline.cashdesk.CashDesk.startSale(java.lang.String, long);1280;174;916;8381;
;public java.util.Set org.cocome.cloud.logic.webservice.cashdeskline.cashdesk.CashDesk.startSale(java.lang.String, long);1297;222;1054;8629;
;public java.util.Set org.cocome.cloud.logic.webservice.cashdeskline.cashdesk.CashDesk.startSale(java.lang.String, long);1372;194;1056;8449;
;public java.util.Set org.cocome.cloud.logic.webservice.cashdeskline.cashdesk.CashDesk.startSale(java.lang.String, long);1187;211;907;8154;
;public java.util.Set org.cocome.cloud.logic.webservice.cashdeskline.cashdesk.CashDesk.startSale(java.lang.String, long);1390;164;875;7761;
;public java.util.Set org.cocome.cloud.logic.webservice.cashdeskline.cashdesk.CashDesk.startSale(java.lang.String, long);1189;190;818;7433;
;public java.util.Set org.cocome.cloud.logic.webservice.cashdeskline.cashdesk.CashDesk.startSale(java.lang.String, long);1206;151;812;7383;
;public java.util.Set org.cocome.cloud.logic.webservice.cashdeskline.cashdesk.CashDesk.startSale(java.lang.String, long);1264;168;846;7451;
;public java.util.Set org.cocome.cloud.logic.webservice.cashdeskline.cashdesk.CashDesk.startSale(java.lang.String, long);1221;189;738;7254;
;public java.util.Set org.cocome.cloud.logic.webservice.cashdeskline.cashdesk.CashDesk.startSale(java.lang.String, long);1203;174;826;7342;
;public java.util.Set org.cocome.cloud.logic.webservice.cashdeskline.cashdesk.CashDesk.startSale(java.lang.String, long);1236;181;915;8145;
;public java.util.Set org.cocome.cloud.logic.webservice.cashdeskline.cashdesk.CashDesk.startSale(java.lang.String, long);1130;160;874;7365;
;public java.util.Set org.cocome.cloud.logic.webservice.cashdeskline.cashdesk.CashDesk.startSale(java.lang.String, long);1203;171;912;7601;
;public java.util.Set org.cocome.cloud.logic.webservice.cashdeskline.cashdesk.CashDesk.startSale(java.lang.String, long);2007;184;1600;11750;
;public java.util.Set org.cocome.cloud.logic.webservice.cashdeskline.cashdesk.CashDesk.startSale(java.lang.String, long);1504;137;758;8011;
;public java.util.Set org.cocome.cloud.logic.webservice.cashdeskline.cashdesk.CashDesk.startSale(java.lang.String, long);1264;198;824;7927;
;public java.util.Set org.cocome.cloud.logic.webservice.cashdeskline.cashdesk.CashDesk.startSale(java.lang.String, long);1314;160;982;8000;
;public java.util.Set org.cocome.cloud.logic.webservice.cashdeskline.cashdesk.CashDesk.startSale(java.lang.String, long);1241;180;830;7669;
;public java.util.Set org.cocome.cloud.logic.webservice.cashdeskline.cashdesk.CashDesk.startSale(java.lang.String, long);1236;162;820;7722;
;public java.util.Set org.cocome.cloud.logic.webservice.cashdeskline.cashdesk.CashDesk.startSale(java.lang.String, long);1226;178;810;7828;
;public java.util.Set org.cocome.cloud.logic.webservice.cashdeskline.cashdesk.CashDesk.startSale(java.lang.String, long);1220;197;798;8213;
;public java.util.Set org.cocome.cloud.logic.webservice.cashdeskline.cashdesk.CashDesk.startSale(java.lang.String, long);1372;167;817;8077;
;public java.util.Set org.cocome.cloud.logic.webservice.cashdeskline.cashdesk.CashDesk.startSale(java.lang.String, long);1125;182;781;7519;
;public java.util.Set org.cocome.cloud.logic.webservice.cashdeskline.cashdesk.CashDesk.startSale(java.lang.String, long);1016;171;854;7127;
;public java.util.Set org.cocome.cloud.logic.webservice.cashdeskline.cashdesk.CashDesk.startSale(java.lang.String, long);1147;157;813;7439;
;public java.util.Set org.cocome.cloud.logic.webservice.cashdeskline.cashdesk.CashDesk.startSale(java.lang.String, long);1161;179;715;7274;
;public java.util.Set org.cocome.cloud.logic.webservice.cashdeskline.cashdesk.CashDesk.startSale(java.lang.String, long);1122;178;804;8510;
;public java.util.Set org.cocome.cloud.logic.webservice.cashdeskline.cashdesk.CashDesk.startSale(java.lang.String, long);6334;170;911;16959;
;public java.util.Set org.cocome.cloud.logic.webservice.cashdeskline.cashdesk.CashDesk.startSale(java.lang.String, long);1132;160;742;7252;
;public java.util.Set org.cocome.cloud.logic.webservice.cashdeskline.cashdesk.CashDesk.startSale(java.lang.String, long);1128;180;779;7247;
;public java.util.Set org.cocome.cloud.logic.webservice.cashdeskline.cashdesk.CashDesk.startSale(java.lang.String, long);1226;185;831;7816;
