543326278553594;42695288;
543326281152660;42695288;
543326282796806;42695288;
543326309819237;43678392;
543326310066390;43678392;
543326327669525;44661728;
543326339706993;44661728;
543326340218539;44661728;
543326346631071;45645080;
543326346938173;45645080;
543326348110178;45645080;
543326349987834;45645080;
543326366407378;45645080;
543326373070843;46628152;
543326429889051;48594384;
543326438963005;48594384;
543326489520671;50561024;
543326489703622;50561024;
543326569664733;8128080;
543326571473857;8128080;
543326580351323;9386712;
543326580699475;9386712;
543326581081047;9386712;
543326581529522;9386712;
543326582537012;9386712;
543326583476144;9386712;
543326584301102;9386712;
543326584483708;9386712;
543326586468284;10015936;
543326587144489;10015936;
543326587228686;10015936;
543326587359537;10015936;
543326587900483;10015936;
543326590848587;10645112;
543326592827630;10645112;
543326597232442;10645112;
543326597401598;10645112;
543326602209733;11274552;
543326603029976;11274552;
543326604762955;11274552;
543326604992950;11274552;
543326612267743;11903792;
543326617959556;12533096;
543326619810725;12533096;
543326620680845;12533096;
543326620909686;12533096;
543326621185131;12533096;
543326621411039;12533096;
543326621556182;12533096;
543326628099824;13792080;
543326630640128;13792080;
543326631016409;13792080;
543326631167116;13792080;
543326631238777;13792080;
543326631704611;13792080;
543326632193104;13792080;
543326642065545;15679928;
543326642334518;15679928;
543326645529038;15679928;
543326646025827;16309160;
543326652217321;16938368;
543326652650325;16938368;
543326654621219;17567888;
543326654688408;17567888;
543326662671623;18826504;
543326662751386;18826504;
543326662826928;18826504;
543326664510393;18826504;
543326664580192;18826504;
543326676869809;20714072;
543326677143976;20714072;
543326682365838;21972704;
543326682597712;21972704;
543326683035050;21972704;
543326684601205;21972704;
543326691404491;23231128;
543326691502346;23231128;
543326694442749;23860888;
543326694690828;23860888;
543326697573644;23860888;
543326698190336;23860888;
543326701780580;24490440;
543326702142391;25119880;
543326702536966;25119880;
543326703219297;25119880;
543326703277198;25119880;
543326707177002;25749056;
543326711006044;26378288;
543326711160108;26378288;
543326713062429;27007464;
543326717665328;28265840;
543326718187366;28265840;
543326718727809;28265840;
543326719042650;28265840;
543326719090128;28265840;
543326721287709;28895016;
543326721463198;28895016;
543326722014801;28895016;
543326723225508;29524456;
543326723768803;29524456;
543326724027586;29524456;
543326724074910;29524456;
543326725072414;30153744;
543326725415979;30153744;
543326725563652;30153744;
543326725641632;30153744;
543326732093213;31412784;
543326732935416;32042024;
543326733156140;32042024;
543326733546632;32042024;
543326734020706;32042024;
543326736292514;32671544;
543326736423798;32671544;
543326736824220;32671544;
543326737615288;32671544;
543326740242325;33300712;
543326740314275;33930152;
543326740371522;33930152;
543326741043176;33930152;
543326745916309;35188776;
543326746192872;35188776;
543326747144501;35188776;
543326747362309;35188776;
543326747821422;35188776;
543326748283172;35818216;
543326748585077;35818216;
543326751039717;36447424;
543326752160686;36447424;
543326752208695;36447424;
543326753035788;36447424;
543326753196949;37076600;
543326753369613;37076600;
543326757611297;37705800;
543326759865595;38335040;
543326760381754;38335040;
543326760476723;38335040;
543326760524248;38335040;
543326763090671;39593416;
543326764685706;40222600;
543326764732368;40222600;
543326765572515;40222600;
543326765749079;40222600;
543326765771842;40222600;
543326765806715;40222600;
543326766433739;40222600;
543326767113446;40852184;
543326767157354;40852184;
543326767298661;40852184;
543326769015219;41481472;
543326769661304;41481472;
543326771312951;42110760;
543326771433575;42110760;
543326771452695;42110760;
543326771485516;42110760;
543326772337688;42740216;
543326772425246;42740216;
543326772804431;42740216;
543326778048852;45258272;
543326778357795;45258272;
543326779394459;45258272;
543326779428497;45258272;
543326779605247;45887440;
543326779678341;45887440;
543326781177573;46516608;
543326781267846;46516608;
543326781299063;46516608;
543326782212608;46516608;
543326782373007;46516608;
543326782649856;47145784;
543326782796629;47145784;
543326784528189;47775520;
543326785909302;48404808;
543326785940841;48404808;
543326786493974;49034112;
543326787263003;49034112;
543326787293466;49034112;
543326787337643;49034112;
543326787474664;49034112;
543326787551950;49034112;
543326787580349;49034112;
543326789471252;50292456;
543326789532799;50292456;
543326790006212;50292456;
543326790391170;50921664;
543326790478042;50921664;
543326791649970;51551328;
543326792259881;51551328;
543326793424691;52180632;
543326793454261;52180632;
543326793470280;52180632;
543326794793377;52810072;
543326795032422;52810072;
543326796693505;54069296;
543326796718458;54069296;
543326797578462;54698536;
543326797651419;54698536;
543326797755495;54698536;
543326798265958;54698536;
543326798295249;54698536;
543326798696815;54698536;
543326813196335;8298776;
543326815270245;9046904;
543326815460501;9046904;
543326815513920;9046904;
543326815659957;9046904;
543326816165795;9046904;
543326816356127;9046904;
543326818833355;9795248;
543326820839153;10543320;
543326820932177;10543320;
543326820976082;10543320;
543326821025134;10543320;
543326821308393;10543320;
543326821816731;11291400;
543326822034402;11291400;
543326822681501;11291400;
543326823845458;11291400;
543326824719806;12040120;
543326824835727;12040120;
543326824913979;12040120;
543326825310535;12040120;
543326828581931;13536768;
543326829630886;13536768;
543326831337913;14284848;
543326831382592;14284848;
543326831498678;14284848;
543326832132602;14284848;
543326832232190;14284848;
543326833548555;15032936;
543326834355645;15032936;
543326834399675;15032936;
543326835203024;15781040;
543326836457214;15781040;
543326836866963;16529400;
543326837022862;16529400;
543326837058273;16529400;
543326837599674;16529400;
543326840789672;17277592;
543326841064146;18025664;
543326841466596;18025664;
543326841509654;18025664;
543326843863331;18774024;
543326843909488;18774024;
543326843964779;18774024;
543326846071458;19522232;
543326846120824;19522232;
543326846160503;19522232;
543326846204263;19522232;
543326846422387;19522232;
543326846451861;19522232;
543326846513980;19522232;
543326847476364;20270320;
543326847694457;20270320;
543326848617925;21018824;
543326848749502;21018824;
543326848907342;21018824;
543326848931642;21018824;
543326848956994;21018824;
543326850274123;21767184;
543326853122445;24011952;
543326853182381;24011952;
543326853226100;24011952;
543326853319641;24011952;
543326853819942;24760024;
543326853847394;24760024;
543326853869410;24760024;
543326854303213;24760024;
543326854521644;24760024;
543326856987681;26256624;
543326857101670;27004704;
543326857987964;27004704;
543326858013104;27004704;
543326858272383;27753048;
543326858633112;27753048;
543326859226790;27753048;
543326859603355;28501256;
543326859648445;28501256;
543326860174084;28501256;
543326860205971;28501256;
543326860321048;28501256;
543326860521287;28501256;
543326860701926;29249448;
543326863566244;29998016;
543326863613536;29998016;
543326863649319;29998016;
543326863685566;29998016;
543326863725905;29998016;
543326863758332;29998016;
543326865311704;30746096;
543326867743612;31494664;
543326867962803;31494664;
543326868850421;32243120;
543326868888232;32243120;
543326868928535;32243120;
543326868968803;32243120;
543326869413994;32243120;
543326872185724;33739712;
543326873564410;33739712;
543326873610985;33739712;
543326873900486;34487792;
543326875503157;34487792;
543326875542417;34487792;
543326875578040;34487792;
543326875855616;35235888;
543326875885817;35235888;
543326876897520;35983968;
543326878000181;36732312;
543326878290988;36732312;
543326878679427;36732312;
543326879042233;37480416;
543326879123400;37480416;
543326879147356;37480416;
543326880057782;37480416;
543326881621370;38977072;
543326881788418;38977072;
543326881811288;38977072;
543326881969170;38977072;
543326881992406;38977072;
543326884005174;40473520;
543326884041881;40473520;
543326884730694;41221624;
543326884848936;41221624;
543326884875911;41221624;
543326884900071;41221624;
543326884924306;41221624;
543326885291488;41221624;
543326886734015;42718328;
543326886930847;42718328;
543326887653646;43466896;
543326887899253;43466896;
543326887925769;43466896;
543326887949438;43466896;
543326888013302;43466896;
543326888176059;43466896;
543326888841243;44215256;
543326889090969;44215256;
543326889117680;44215256;
543326889191873;44215256;
543326890013695;44963752;
543326892116739;46460176;
543326892144229;46460176;
543326892831891;47208280;
543326892924538;47208280;
543326892996201;47208280;
543326893396565;47208280;
543326893490335;47208280;
543326894043150;47956640;
543326894066538;47956640;
543326894197440;47956640;
543326894942354;48705200;
543326895321903;48705200;
543326896127934;49453304;
543326896184434;49453304;
543326896525111;49453304;
543326897346292;50201864;
543326897379350;50201864;
543326897399244;50201864;
543326898300071;50950224;
543326898386791;50950224;
543326898410764;50950224;
543326898732052;50950224;
543326898757986;50950224;
543326898777826;50950224;
543326899166539;51698648;
543326899192826;51698648;
543326899212860;51698648;
543326899268626;51698648;
543326900136740;52446856;
543326900202888;52446856;
543326900632377;52446856;
543326901526043;53195000;
543326902416086;53943208;
543326902463418;53943208;
543326902488562;53943208;
543326902679118;53943208;
543326902769013;53943208;
543326903117396;54691568;
543326904158468;54691568;
543326914610035;8041672;
543326914647877;8041672;
543326914689661;8041672;
543326916458248;8041672;
543326916570924;8041672;
543326916714160;8041672;
543326918317995;9705368;
543326918521296;9705368;
543326918540315;9705368;
543326919588756;11369056;
543326920714665;11369056;
543326920866205;11369056;
543326921301485;13032776;
543326921325815;13032776;
543326921368854;13032776;
543326921796568;13032776;
543326921816360;13032776;
543326922234558;13032776;
543326922268676;13032776;
543326923047510;13032776;
543326923516343;13032776;
543326923752554;14696752;
543326923838729;14696752;
543326923900539;14696752;
543326924142734;14696752;
543326924795445;14696752;
543326925653919;14696752;
543326926769878;16360560;
543326926796680;16360560;
543326926845845;16360560;
543326926923127;16360560;
543326928416667;18024368;
543326928593709;18024368;
543326928616873;18024368;
543326928660714;18024368;
543326928692703;18024368;
543326928722526;18024368;
543326928768914;18024368;
543326928993746;18024368;
543326929959920;18024368;
543326930066440;18024368;
543326930099059;18024368;
543326930123905;18024368;
543326930148659;18024368;
543326930173203;18024368;
543326930254915;18024368;
543326931580614;19688064;
543326932131767;19688064;
543326932750772;19688064;
543326932838073;19688064;
543326932945797;21352040;
543326933035307;21352040;
543326933261463;21352040;
543326933408977;21352040;
543326933451651;21352040;
543326934290977;21352040;
543326935249568;23016000;
543326936401652;23016000;
543326936449379;23016000;
543326937933624;24679720;
543326937961497;24679720;
543326938897817;24679720;
543326939833061;26343440;
543326940887141;26343440;
543326940910653;26343440;
543326940994397;26343440;
543326941350252;26343440;
543326941442812;26343440;
543326941659546;26343440;
543326941781861;26343440;
543326942997961;28007400;
543326943182894;28007400;
543326943413388;28007400;
543326943470755;28007400;
543326943491290;28007400;
543326943515982;28007400;
543326943592810;28007400;
543326946010203;29671096;
543326946276849;29671096;
543326946299027;29671096;
543326946438848;29671096;
543326946477031;29671096;
543326946503599;29671096;
543326946780621;31334920;
543326947319793;31334920;
543326947647117;31334920;
543326947672633;31334920;
543326948154130;31334920;
543326948176966;31334920;
543326948196518;31334920;
543326949146906;32999040;
543326949223039;32999040;
543326949536567;32999040;
543326949945070;32999040;
543326950059719;32999040;
543326950135496;32999040;
543326950170995;32999040;
543326951059930;32999040;
543326951332655;32999040;
543326951361493;32999040;
543326951675406;34663304;
543326952041764;34663304;
543326952194938;34663304;
543326952528804;34663304;
543326952550997;34663304;
543326953358931;34663304;
543326954279569;36327000;
543326954313141;36327000;
543326954335836;36327000;
543326954437674;36327000;
543326956586226;37990696;
543326956609378;37990696;
543326956768298;37990696;
543326956809800;37990696;
543326956837360;37990696;
543326956886070;37990696;
543326956908680;37990696;
543326957506896;37990696;
543326957567839;37990696;
543326958129942;37990696;
543326958734234;39654400;
543326958757789;39654400;
543326958833431;39654400;
543326959156888;39654400;
543326959529764;39654400;
543326959558466;39654400;
543326959584101;39654400;
543326959603159;39654400;
543326959652540;39654400;
543326959676659;39654400;
543326960302173;39654400;
543326960857764;39654400;
543326961391123;41318360;
543326961922624;41318360;
543326962451068;41318360;
543326963011066;41318360;
543326963519115;41318360;
543326964090865;42982320;
543326964610077;42982320;
543326965156667;42982320;
543326965698476;42982320;
543326966237458;42982320;
543326966782364;44646016;
543326967336553;44646016;
543326967874188;44646016;
543326968456411;44646016;
543326968995846;44646016;
543326969519375;46309712;
543326970040626;46309712;
543326970591916;46309712;
543326973473590;47973520;
543326973500149;47973520;
543326973736056;47973520;
543326977012871;51301456;
543326978829328;51301456;
543326980188885;52965264;
543326980408741;52965264;
543326980449548;52965264;
543326984252736;54629224;
543326986274538;54629224;
543326989449192;56292920;
543326998012209;59620928;
543327002656064;61284888;
543327002694607;61284888;
543327002941286;61284888;
543327002976876;61284888;
543327003028629;61284888;
543327003075757;61284888;
543327003536233;61284888;
543327004287928;61284888;
543327004786665;61284888;
543327004867436;61284888;
543327005359789;62948648;
543327005443342;62948648;
543327005575637;62948648;
543327005613262;62948648;
543327005713399;62948648;
543327006242190;62948648;
543327006625108;62948648;
543327006803313;62948648;
543327012466527;64612344;
543327013697225;64612344;
543327048703031;77923352;
543327050249924;79587072;
543327050292877;79587072;
543327051279467;79587072;
543327056985037;82914464;
543327057084171;82914464;
543327057109741;82914464;
543327057551860;82914464;
543327057575976;82914464;
543327058044263;82914464;
543327058858085;82914464;
543327058953531;84578440;
543327059410194;84578440;
543327060086799;84578440;
543327060666852;84578440;
543327061227190;86242496;
543327061250529;86242496;
543327061650878;86242496;
543327061776292;86242496;
543327061898258;86242496;
543327063011462;86242496;
543327063034890;86242496;
543327063106745;86242496;
543327064318898;87906304;
543327064409121;87906304;
543327065810500;87906304;
543327066211856;87906304;
543327073474000;91234440;
543327073570280;91234440;
543327073593489;91234440;
543327073652947;91234440;
543327074177010;92898152;
543327076326306;94562112;
543327076628725;94562112;
543327077950073;94562112;
543327078167092;94562112;
543327079178150;96226072;
543327079203704;96226072;
543327081897417;97889832;
543327082081068;97889832;
543327082111354;97889832;
543327082132197;97889832;
543327084286155;99553536;
543327084562883;99553536;
543327085481254;99553536;
543327085505078;99553536;
543327086177181;99553536;
543327086198052;99553536;
543327086271244;99553536;
543327089715489;102881352;
543327090919360;102881352;
543327092578592;104545048;
543327103134737;8426736;
543327103334811;8426736;
543327103677397;8426736;
543327103868333;8426736;
543327104259095;8426736;
543327104463225;8426736;
543327104590866;8426736;
543327104676509;8426736;
543327105314082;10206904;
543327105344490;10206904;
543327105368673;10206904;
543327105448257;10206904;
543327105470651;10206904;
543327106033357;10206904;
543327106089655;10206904;
543327109214431;11987056;
543327109698270;11987056;
543327110043770;11987056;
543327110133595;11987056;
543327110188872;11987056;
543327110646621;11987056;
543327110838647;11987056;
543327111284207;11987056;
543327111382582;11987056;
543327111423996;11987056;
543327111444402;11987056;
543327111490317;11987056;
543327113212244;11987056;
543327113251342;11987056;
543327113428266;11987056;
543327113687315;11987056;
543327113985214;13767240;
543327114169093;13767240;
543327114282174;13767240;
543327116392290;13767240;
543327116485214;13767240;
543327116520492;13767240;
543327117613897;13767240;
543327118270076;15547456;
543327119467474;15547456;
543327121738349;15547456;
543327123961797;17327872;
543327125065487;17327872;
543327126978716;19108480;
543327127049088;19108480;
543327127975635;19108480;
543327128047344;19108480;
543327128216509;20888896;
543327128348222;20888896;
543327129475515;20888896;
543327129498872;20888896;
543327129528657;20888896;
543327129539419;20888896;
543327129630504;20888896;
543327129654213;20888896;
543327130667420;20888896;
543327130817865;22669328;
543327130984884;22669328;
543327131004944;22669328;
543327132740852;22669328;
543327133624111;24449472;
543327133649505;24449472;
543327133795750;24449472;
543327133839181;24449472;
543327133859156;24449472;
543327134575996;24449472;
543327134693764;24449472;
543327134777457;24449472;
543327134796966;24449472;
543327135207970;24449472;
543327135350883;24449472;
543327135401708;24449472;
543327135428681;24449472;
543327137072942;26230112;
543327137098322;26230112;
543327137119474;26230112;
543327137324684;26230112;
543327137344120;26230112;
543327138231554;26230112;
543327140127279;28010256;
543327140558456;28010256;
543327140586453;28010256;
543327140625898;28010256;
543327140645075;28010256;
543327142104035;29790776;
543327143982345;31570952;
543327144430704;31570952;
543327144914296;31570952;
543327146286465;33351088;
543327146859739;33351088;
543327150590787;35131256;
543327150619332;35131256;
543327152655348;36911400;
543327153326484;36911400;
543327156174276;38691616;
543327156932978;38691616;
543327158554274;38691616;
543327159700777;40472048;
543327159718002;40472048;
543327159755560;40472048;
543327160214332;40472048;
543327160587282;40472048;
543327160653072;40472048;
543327162035678;40472048;
543327162081105;40472048;
543327163435313;42252192;
543327164558594;42252192;
543327164671786;42252192;
543327165240559;42252192;
543327165283330;42252192;
543327165310840;42252192;
543327165485102;42252192;
543327167031798;42252192;
543327167058976;42252192;
543327167662122;44032720;
543327169365980;44032720;
543327169413380;44032720;
543327170084957;44032720;
543327170382468;45813336;
543327170408762;45813336;
543327170428690;45813336;
543327170688452;45813336;
543327170781827;45813336;
543327171651656;45813336;
543327171702216;45813336;
543327172266723;45813336;
543327172309592;45813336;
543327172334795;45813336;
543327173525876;47593488;
543327173552561;47593488;
543327173729997;47593488;
543327173805798;47593488;
543327174246079;47593488;
543327174410600;47593488;
543327174439744;47593488;
543327174504511;47593488;
543327175398016;47593488;
543327175469698;47593488;
543327176071703;49373664;
543327176169744;49373664;
543327176834000;49373664;
543327177098282;49373664;
543327177740799;49373664;
543327177765887;49373664;
543327177784755;49373664;
543327177866063;49373664;
543327177886649;49373664;
543327178706996;51154080;
543327178758664;51154080;
543327178808873;51154080;
543327178874427;51154080;
543327179452144;51154080;
543327182488598;52934224;
543327182564289;52934224;
543327182946280;52934224;
543327183001417;52934224;
543327183019871;52934224;
543327183258756;54714368;
543327183939611;54714368;
543327184106611;54714368;
543327185093346;54714368;
543327185169622;54714368;
543327185193446;54714368;
543327185215028;54714368;
543327186190556;56494784;
543327186294959;56494784;
543327186384386;56494784;
543327186407796;56494784;
543327186456367;56494784;
543327186516964;56494784;
543327186629152;56494784;
543327186717285;56494784;
543327187682442;56494784;
543327187704538;56494784;
543327187790993;56494784;
543327188102872;56494784;
543327188185214;58275048;
543327188231612;58275048;
543327188916294;58275048;
543327189265877;58275048;
543327190830109;60055200;
543327190974784;60055200;
543327191152306;60055200;
543327191208101;60055200;
543327191237341;60055200;
543327191325300;60055200;
543327191601200;60055200;
543327194056122;61835352;
543327195513596;63615504;
543327195558747;63615504;
543327195612551;63615504;
543327195634615;63615504;
543327195656125;63615504;
543327195949970;63615504;
543327196881659;63615504;
543327198343892;65395648;
543327198388602;65395648;
543327198412271;65395648;
543327198434565;65395648;
543327198459945;65395648;
543327198706118;65395648;
543327198730450;65395648;
543327198797723;65395648;
543327199687678;65395648;
543327199864018;65395648;
543327200796975;67176288;
543327200850095;67176288;
543327200868847;67176288;
543327201036129;67176288;
543327201258131;67176288;
543327201485937;67176288;
543327202331449;67176288;
543327202403571;67176288;
543327202423711;67176288;
543327202565187;67176288;
543327202646159;67176288;
543327202664788;67176288;
543327203031553;68956568;
543327203895932;68956568;
543327204365660;68956568;
543327206438417;70736720;
543327206611408;70736720;
543327206697315;70736720;
543327206992777;70736720;
543327207017003;70736720;
543327207122873;70736720;
543327208055790;72517256;
543327208077637;72517256;
543327209090776;72517256;
543327209131693;72517256;
543327209629554;72517256;
543327209706191;72517256;
543327209913416;72517256;
543327209934391;72517256;
543327210003113;72517256;
543327210026856;72517256;
543327210825924;74297400;
543327210878573;74297400;
543327213562248;76077832;
543327213588864;76077832;
543327213698905;76077832;
543327213719520;76077832;
543327213737911;76077832;
543327216098933;77858472;
543327216124426;77858472;
543327216164128;77858472;
543327216195053;77858472;
543327216542638;77858472;
543327216917659;77858472;
543327217631941;77858472;
543327217782445;77858472;
543327217814736;77858472;
543327218740239;79638624;
543327219086831;79638624;
543327219628235;79638624;
543327219642510;79638624;
543327222642460;81419056;
543327222669162;81419056;
543327222690701;81419056;
543327222988181;83199208;
543327224815634;83199208;
543327225078918;83199208;
543327225435510;84979624;
543327225460100;84979624;
543327225478800;84979624;
543327225938154;84979624;
543327225977963;84979624;
543327226156010;84979624;
543327226178955;84979624;
543327227300038;84979624;
543327227578526;84979624;
543327227795864;86759904;
543327227838540;86759904;
543327228593806;86759904;
543327229830119;86759904;
543327229851852;86759904;
543327229873187;86759904;
543327230311069;88540320;
543327230459871;88540320;
543327230476028;88540320;
543327230500191;88540320;
543327231897953;88540320;
543327231920326;88540320;
543327232424218;88540320;
543327234013927;90320464;
543327236350027;92100648;
543327237925341;93881280;
543327237946313;93881280;
543327238013260;93881280;
543327238072358;93881280;
543327239470028;93881280;
543327240495271;95661424;
543327240720020;95661424;
543327240748262;95661424;
543327240789674;95661424;
543327241312460;95661424;
543327241621768;95661424;
543327241681062;95661424;
543327242057075;97441856;
543327242675817;97441856;
543327243323772;97441856;
543327243395543;97441856;
543327244258690;97441856;
543327244284098;97441856;
543327244424503;99222000;
543327245098274;99222000;
543327245118971;99222000;
543327245319336;99222000;
543327245532009;99222000;
543327245684195;99222000;
543327246117114;99222000;
543327248436036;101002632;
543327249122848;101002632;
543327249253056;101002632;
543327249307397;102783064;
543327249433531;102783064;
543327249637431;102783064;
543327249699857;102783064;
543327249717563;102783064;
543327250522534;102783064;
543327250585581;102783064;
543327250756013;102783064;
543327250897016;102783064;
543327250992679;102783064;
543327251946228;104563208;
543327252237434;104563208;
543327264516899;10735616;
543327264547951;10735616;
543327264793686;10735616;
543327264968400;10735616;
543327265282045;10735616;
543327265302341;10735616;
543327266283723;10735616;
543327266298051;10735616;
543327266775534;10735616;
543327266830636;10735616;
543327267740190;10735616;
543327267761666;10735616;
543327267920584;10735616;
543327269305861;10735616;
543327269939508;14437992;
543327269959563;14437992;
543327269977050;14437992;
543327270268676;14437992;
543327270292434;14437992;
543327270338995;14437992;
543327271338642;14437992;
543327271360493;14437992;
543327271379265;14437992;
543327272949950;14437992;
543327273019015;14437992;
543327273347962;14437992;
543327273454460;14437992;
543327273610285;14437992;
543327273634263;14437992;
543327274985205;18140504;
543327275622159;18140504;
543327275646112;18140504;
543327276145200;18140504;
543327276273543;18140504;
543327277645410;18140504;
543327277828148;18140504;
543327278061665;18140504;
543327278872824;18140504;
543327278905149;18140504;
543327279181449;18140504;
543327279202029;18140504;
543327280485786;21842904;
543327280780632;21842904;
543327280817526;21842904;
543327281480405;21842904;
543327281615427;21842904;
543327281779164;21842904;
543327281837680;21842904;
543327281869854;21842904;
543327281932612;21842904;
543327282185593;21842904;
543327282205934;21842904;
543327282227274;21842904;
543327282375560;21842904;
543327285023955;25545288;
543327285663000;25545288;
543327286918102;25545288;
543327286988411;25545288;
543327288132953;25545288;
543327288157607;25545288;
543327288236168;25545288;
543327289561608;29248176;
543327291638397;29248176;
543327291768460;29248176;
543327292125777;29248176;
543327292146581;29248176;
543327292353716;29248176;
543327292374293;29248176;
543327292384443;29248176;
543327292401927;29248176;
543327292455063;29248176;
543327292491431;29248176;
543327294609661;32950584;
543327294774081;32950584;
543327295530084;32950584;
543327295564912;32950584;
543327295690198;32950584;
543327297637404;32950584;
543327297693338;32950584;
543327297801345;32950584;
543327298518174;32950584;
543327298650676;32950584;
543327300878096;36652960;
543327300974463;36652960;
543327301042939;36652960;
543327301244626;36652960;
543327301587925;36652960;
543327302023479;36652960;
543327302393668;36652960;
543327302606419;36652960;
543327302803609;36652960;
543327302833551;36652960;
543327302851306;36652960;
543327302869022;36652960;
543327302889530;36652960;
543327305947440;40355792;
543327306059440;40355792;
543327306138119;40355792;
543327306181833;40355792;
543327306207067;40355792;
543327306227830;40355792;
543327306397011;40355792;
543327306499155;40355792;
543327306555054;40355792;
543327306572259;40355792;
543327306640495;40355792;
543327306662999;40355792;
543327309731211;44058176;
543327309746008;44058176;
543327309773883;44058176;
543327310773376;44058176;
543327310794693;44058176;
543327311225703;44058176;
543327311293374;44058176;
543327312120739;44058176;
543327312996294;44058176;
543327314108636;44058176;
543327314264795;44058176;
543327315075132;47760840;
543327315097222;47760840;
543327315121902;47760840;
543327316287172;47760840;
543327316312044;47760840;
543327317023202;47760840;
543327317048058;47760840;
543327317379068;47760840;
543327317423533;47760840;
543327318398129;47760840;
543327318990465;47760840;
543327319017849;47760840;
543327319035617;47760840;
543327319269534;47760840;
543327319289577;47760840;
543327319579767;51463504;
543327319703160;51463504;
543327319892629;51463504;
543327320648030;51463504;
543327321202052;51463504;
543327322448747;51463504;
543327322489673;51463504;
543327322578733;51463504;
543327322600016;51463504;
543327322835534;51463504;
543327323084050;51463504;
543327323140430;51463504;
543327323303474;51463504;
543327323348483;51463504;
543327324554577;55166456;
543327324575589;55166456;
543327324643477;55166456;
543327325110688;55166456;
543327325165127;55166456;
543327325838469;55166456;
543327325890435;55166456;
543327326987492;55166456;
543327327771357;55166456;
543327328631594;55166456;
543327329079166;55166456;
543327329106484;55166456;
543327329283307;55166456;
543327329303248;55166456;
543327330598101;58869216;
543327331295045;58869216;
543327331932140;58869216;
543327332403244;58869216;
543327333158086;58869216;
543327333197271;58869216;
543327333725446;58869216;
543327333874509;58869216;
543327334038588;58869216;
543327334062715;58869216;
543327334113264;58869216;
543327334392007;58869216;
543327334430940;58869216;
543327334449273;58869216;
543327335159752;62571864;
543327335481643;62571864;
543327335888568;62571864;
543327336094726;62571864;
543327336151825;62571864;
543327336229839;62571864;
543327336452866;62571864;
543327336520365;62571864;
543327337234716;62571864;
543327340165004;66274512;
543327340210309;66274512;
543327340229998;66274512;
543327340323483;66274512;
543327341017696;66274512;
543327341037954;66274512;
543327341058634;66274512;
543327341185605;66274512;
543327341208763;66274512;
543327343211514;66274512;
543327344154322;66274512;
543327344176878;66274512;
543327345481757;69976904;
543327345506723;69976904;
543327345593801;69976904;
543327346486819;69976904;
543327347312181;69976904;
543327347351548;69976904;
543327347411653;69976904;
543327347740270;69976904;
543327348538264;69976904;
543327349116246;69976904;
543327349138046;69976904;
543327349163524;69976904;
543327350946141;73679280;
543327350971188;73679280;
543327353288357;73679280;
543327354103450;73679280;
543327354128604;73679280;
543327354166595;73679280;
543327354993207;77382120;
543327355042908;77382120;
543327357308941;77382120;
543327358094760;77382120;
543327358638648;77382120;
543327360899994;81084504;
543327360926011;81084504;
543327362243639;81084504;
543327362264364;81084504;
543327362369923;81084504;
543327362439112;81084504;
543327363277747;81084504;
543327364498560;81084504;
543327364523370;81084504;
543327364823052;84787344;
543327365428583;84787344;
543327365472689;84787344;
543327365903761;84787344;
543327365951100;84787344;
543327366004985;84787344;
543327366022759;84787344;
543327366232062;84787344;
543327366919206;84787344;
543327366951625;84787344;
543327366970232;84787344;
543327367887024;84787344;
543327368517016;84787344;
543327371186131;88489728;
543327371229353;88489728;
543327372187605;88489728;
543327372272173;88489728;
543327372283601;88489728;
543327372329137;88489728;
543327373196878;88489728;
543327374072225;88489728;
543327374100308;88489728;
543327374524298;88489728;
543327374690812;88489728;
543327374732298;88489728;
543327375576971;92192240;
543327375601497;92192240;
543327375622638;92192240;
543327375643035;92192240;
543327375836999;92192240;
543327377360948;92192240;
543327379071907;92192240;
543327379675952;92192240;
543327380143357;95895080;
543327380849642;95895080;
543327380882107;95895080;
543327380984370;95895080;
543327382255630;95895080;
543327382302366;95895080;
543327382780277;95895080;
543327382832386;95895080;
543327382906002;95895080;
543327382929083;95895080;
543327382946651;95895080;
543327383101398;95895080;
543327383439771;95895080;
543327384577179;95895080;
543327384729583;95895080;
543327384780902;99597456;
543327385340245;99597456;
543327386028350;99597456;
543327386492114;99597456;
543327386583534;99597456;
543327387503363;99597456;
543327387527436;99597456;
543327388455912;99597456;
543327388477225;99597456;
543327388581378;99597456;
543327388666604;99597456;
543327388685781;99597456;
543327388764986;99597456;
543327388782490;99597456;
543327388821634;99597456;
543327389134517;99597456;
543327389406481;99597456;
543327389426737;99597456;
543327390744573;103299840;
543327390769269;103299840;
543327390790474;103299840;
543327391736863;103299840;
543327391952804;103299840;
543327392109977;103299840;
543327392132066;103299840;
543327392188372;103299840;
543327392254808;103299840;
543327395267272;107002744;
543327395313976;107002744;
543327395395686;107002744;
543327395492166;107002744;
543327395528909;107002744;
543327396543996;107002744;
543327396697832;107002744;
543327397382637;107002744;
543327397862369;107002744;
543327398708084;107002744;
543327398810850;107002744;
543327399258047;107002744;
543327399894856;107002744;
543327400944227;110705152;
543327401113182;110705152;
543327401363000;110705152;
543327401402465;110705152;
543327401433346;110705152;
543327402333099;110705152;
543327403168720;110705152;
543327404189639;110705152;
543327404212227;110705152;
543327404230621;110705152;
543327404331743;110705152;
543327404580483;110705152;
543327404862189;110705152;
543327404902458;110705152;
543327406742511;114407664;
543327406880002;114407664;
543327408358353;114407664;
543327408750265;114407664;
543327408805027;114407664;
543327409321097;114407664;
543327409619713;114407664;
543327410611242;118110328;
543327410639223;118110328;
543327410664505;118110328;
543327410828362;118110328;
543327410866812;118110328;
543327410931589;118110328;
543327411257683;118110328;
543327411385490;118110328;
543327411422882;118110328;
543327413952123;118110328;
543327413982649;118110328;
543327414000670;118110328;
543327414018802;118110328;
543327414039857;118110328;
543327414061970;118110328;
543327415561180;121812840;
543327416114653;121812840;
543327416184439;121812840;
543327416204420;121812840;
543327416441839;121812840;
543327416925534;121812840;
543327417411223;121812840;
543327417527801;121812840;
543327418550607;121812840;
543327418635975;121812840;
543327418654848;121812840;
543327418672678;121812840;
543327418706593;121812840;
543327418733155;121812840;
543327418772412;121812840;
543327418849327;121812840;
543327418869143;121812840;
543327418890575;121812840;
543327419554414;121812840;
543327419579406;121812840;
543327419601600;121812840;
543327419689316;121812840;
543327419718528;121812840;
543327423345117;125515840;
543327425741308;125515840;
543327425763387;125515840;
543327426602872;129218504;
543327426654387;129218504;
543327428637091;129218504;
543327429198781;129218504;
543327429290581;129218504;
543327429578159;129218504;
543327429737033;129218504;
543327430070629;129218504;
543327430248473;129218504;
543327431387724;132921152;
543327431685126;132921152;
543327431705687;132921152;
543327431753217;132921152;
543327432095932;132921152;
543327433074009;132921152;
543327433222963;132921152;
543327433621808;132921152;
543327433691684;132921152;
543327433731492;132921152;
543327434937326;132921152;
543327434967089;132921152;
543327435315133;132921152;
543327435592797;132921152;
543327436383180;132921152;
543327436408117;132921152;
543327436429601;132921152;
543327436451253;132921152;
543327436486121;132921152;
543327436537323;132921152;
543327438105210;136623800;
543327438421165;136623800;
543327439350362;136623800;
543327440413898;136623800;
543327440435554;136623800;
543327440530611;136623800;
543327441418937;136623800;
543327441699015;136623800;
543327442846169;140326688;
543327443504099;140326688;
543327443525539;140326688;
543327443547238;140326688;
543327443596805;140326688;
543327445670169;140326688;
543327445813196;140326688;
543327445896151;140326688;
543327446775383;140326688;
543327447094767;140326688;
543327447160038;140326688;
543327450847383;144029072;
543327451120758;144029072;
543327451171383;144029072;
543327452068420;144029072;
543327452368329;144029072;
543327452410625;144029072;
543327452573233;144029072;
543327452593755;144029072;
543327454485923;147731584;
543327454549911;147731584;
543327454568425;147731584;
543327454673458;147731584;
543327454693729;147731584;
543327455131209;147731584;
543327456922268;147731584;
543327457031381;147731584;
543327457397462;147731584;
543327458223131;147731584;
543327458247781;147731584;
543327458377527;147731584;
543327459604406;151434232;
543327459625758;151434232;
543327459988976;151434232;
543327461129980;151434232;
543327462362355;151434232;
543327463122734;151434232;
543327463202968;151434232;
543327464827287;155136640;
543327465122505;155136640;
543327465143148;155136640;
543327465452584;155136640;
543327465596141;155136640;
543327465647083;155136640;
543327467514062;155136640;
543327468986207;155136640;
543327469099458;155136640;
543327469142882;155136640;
543327469175594;155136640;
543327469197615;155136640;
543327469359967;155136640;
543327469752258;158839288;
543327470758042;158839288;
543327471883748;158839288;
543327472744023;158839288;
543327472827389;158839288;
543327472846037;158839288;
543327473408413;158839288;
543327473878800;158839288;
543327473921006;158839288;
543327475584187;162541688;
543327476134766;162541688;
543327476155965;162541688;
543327476937571;162541688;
543327477037802;162541688;
543327477057359;162541688;
543327477441701;162541688;
543327477867917;162541688;
543327478269963;162541688;
543327479171270;162541688;
543327479544299;162541688;
543327479575853;162541688;
543327479597416;162541688;
543327479619481;162541688;
543327479648611;162541688;
543327479667078;162541688;
543327479706340;162541688;
543327479914374;162541688;
543327479986385;162541688;
543327480260608;166244088;
543327481635104;166244088;
543327481737034;166244088;
543327481795279;166244088;
543327481865155;166244088;
543327481945480;166244088;
543327481982218;166244088;
543327482001353;166244088;
543327483426948;166244088;
543327484792118;166244088;
543327485155783;166244088;
543327488025025;169946504;
543327488168932;169946504;
543327488220155;169946504;
543327488279667;169946504;
543327489325534;169946504;
543327489486266;169946504;
543327489702955;169946504;
543327489730674;169946504;
543327490281909;169946504;
543327493328995;173649000;
543327493517925;173649000;
543327493538567;173649000;
543327493806107;173649000;
543327494378380;173649000;
543327497069829;177351872;
543327497428254;177351872;
543327497863745;177351872;
543327498172466;177351872;
543327498870335;177351872;
543327499463282;177351872;
543327499495704;177351872;
543327499958329;177351872;
543327499979290;177351872;
543327500158907;177351872;
543327500184007;177351872;
543327500282336;177351872;
543327500688055;177351872;
543327503173135;181054536;
543327503514389;181054536;
543327504547112;181054536;
543327506003527;181054536;
543327506095092;181054536;
543327506114958;181054536;
543327506283480;181054536;
543327506306932;181054536;
543327506931152;181054536;
543327507265881;181054536;
543327507690851;184756944;
543327507715472;184756944;
543327507936955;184756944;
543327507957188;184756944;
543327507978616;184756944;
543327508115581;184756944;
543327508635866;184756944;
543327508830844;184756944;
543327508883508;184756944;
543327508906787;184756944;
543327508962307;184756944;
543327508984296;184756944;
543327509760778;184756944;
543327510984267;184756944;
543327511956868;184756944;
543327512316746;184756944;
543327512722933;184756944;
543327512744350;184756944;
543327513046377;188459440;
543327513085204;188459440;
543327513452647;188459440;
543327513477534;188459440;
543327515121412;188459440;
543327515154002;188459440;
543327515175775;188459440;
543327515227421;188459440;
543327518353746;188459440;
543327519344064;192162088;
543327521218148;192162088;
543327521554203;192162088;
543327521606549;192162088;
543327521847159;192162088;
543327521875967;192162088;
543327522304664;192162088;
543327522329620;192162088;
543327522357601;192162088;
543327522379450;192162088;
543327522397861;192162088;
543327522620153;192162088;
543327523614284;192162088;
543327523692065;192162088;
543327524109568;195864472;
543327525004879;195864472;
543327525032722;195864472;
543327525175212;195864472;
543327525646895;195864472;
543327526940100;195864472;
543327527082000;195864472;
543327527137488;195864472;
543327527674265;195864472;
543327527740793;195864472;
543327527792316;195864472;
543327527877508;195864472;
543327528196458;195864472;
543327528394173;195864472;
543327529607896;195864472;
543327529776670;199566848;
543327529815666;199566848;
543327529839177;199566848;
543327530085009;199566848;
543327531550604;199566848;
543327531836668;199566848;
543327532058399;199566848;
543327532348483;199566848;
543327533181530;199566848;
543327533201771;199566848;
543327533278761;199566848;
543327534443238;199566848;
543327534551327;199566848;
543327534661076;199566848;
543327535053787;199566848;
543327537553716;203247824;
543327537698557;203247824;
543327539165279;203247824;
543327539197699;203247824;
543327539250007;203247824;
543327550785453;11502848;
543327550819991;11502848;
543327551623766;11502848;
543327551652788;11502848;
543327552128856;11502848;
543327552389772;11502848;
543327552430461;11502848;
543327554396090;11502848;
543327554511127;11502848;
543327555061147;11502848;
543327555107983;11502848;
543327555125531;11502848;
543327555430479;11502848;
543327556471023;15283040;
543327556535780;15283040;
543327556553863;15283040;
543327556602885;15283040;
543327557765401;15283040;
543327557860681;15283040;
543327558022022;15283040;
543327558069401;15283040;
543327558172839;15283040;
543327558575033;15283040;
543327559241630;15283040;
543327559657149;15283040;
543327559694670;15283040;
543327559712374;15283040;
543327560586942;19063296;
543327562566038;19063296;
543327562591241;19063296;
543327562736208;19063296;
543327565973076;19063296;
543327566562966;22843976;
543327567985190;22843976;
543327568016946;22843976;
543327568585292;22843976;
543327568608435;22843976;
543327570621910;22843976;
543327570661357;22843976;
543327571228594;22843976;
543327571251962;22843976;
543327571449543;22843976;
543327572036311;26624496;
543327572065118;26624496;
543327572086006;26624496;
543327572112296;26624496;
543327572173499;26624496;
543327574350435;26624496;
543327574371957;26624496;
543327574389955;26624496;
543327574446907;26624496;
543327576631579;30404624;
543327576682651;30404624;
543327576825691;30404624;
543327577121448;30404624;
543327577370137;30404624;
543327577498167;30404624;
543327577938031;30404624;
543327577974359;30404624;
543327578172860;30404624;
543327578365958;30404624;
543327579261002;30404624;
543327579894319;30404624;
543327579914724;30404624;
543327581359144;34184864;
543327581564227;34184864;
543327581807183;34184864;
543327581827032;34184864;
543327582158168;34184864;
543327582172071;34184864;
543327584230872;34184864;
543327584263512;34184864;
543327584284560;34184864;
543327584305194;34184864;
543327584323048;34184864;
543327584576665;34184864;
543327584901298;34184864;
543327584921123;34184864;
543327584995027;34184864;
543327585402448;34184864;
543327585484403;34184864;
543327585505178;34184864;
543327587399398;37965272;
543327587421096;37965272;
543327588867922;37965272;
543327590061841;37965272;
543327590130494;37965272;
543327590213106;37965272;
543327590716263;37965272;
543327590738124;37965272;
543327592482107;41745976;
543327592986782;41745976;
543327593164184;41745976;
543327593231176;41745976;
543327593307491;41745976;
543327593422273;41745976;
543327593516140;41745976;
543327593535246;41745976;
543327594008439;41745976;
543327594509350;41745976;
543327594529657;41745976;
543327595917447;41745976;
543327596244886;45526368;
543327596352940;45526368;
543327596376163;45526368;
543327596431847;45526368;
543327597627985;45526368;
543327597670974;45526368;
543327598631657;45526368;
543327598666317;45526368;
543327598693132;45526368;
543327598719388;45526368;
543327598745197;45526368;
543327598771094;45526368;
543327600930213;45526368;
543327601206322;45526368;
543327601273014;45526368;
543327602130334;49306776;
543327603237186;49306776;
543327603255982;49306776;
543327603265026;49306776;
543327603311199;49306776;
543327603677965;49306776;
543327605204658;49306776;
543327605795257;49306776;
543327605932223;49306776;
543327606081068;49306776;
543327606148584;49306776;
543327607086145;53087016;
543327608003949;53087016;
543327608534707;53087016;
543327609577880;53087016;
543327609918102;53087016;
543327609998410;53087016;
543327610643760;53087016;
543327610663409;53087016;
543327611504242;56867408;
543327611718762;56867408;
543327611774025;56867408;
543327612574333;56867408;
543327614006664;56867408;
543327615774332;56867408;
543327615862095;56867408;
543327616692819;60647800;
543327616715167;60647800;
543327616741123;60647800;
543327616838941;60647800;
543327617358451;60647800;
543327618039871;60647800;
543327618371589;60647800;
543327618393453;60647800;
543327618619729;60647800;
543327619031996;60647800;
543327619050807;60647800;
543327619164338;60647800;
543327620776745;60647800;
543327621562370;64428352;
543327621744824;64428352;
543327621762829;64428352;
543327622903513;64428352;
543327623800140;64428352;
543327624144423;64428352;
543327624735136;64428352;
543327625536579;64428352;
543327625558820;64428352;
543327625575373;64428352;
543327626428006;68208504;
543327626601188;68208504;
543327626788384;68208504;
543327626866290;68208504;
543327628141751;68208504;
543327628163017;68208504;
543327628464632;68208504;
543327628490553;68208504;
543327628755412;68208504;
543327628853984;68208504;
543327628871703;68208504;
543327628887998;68208504;
543327628907865;68208504;
543327629017992;68208504;
543327631957498;71989080;
543327632143671;71989080;
543327632279464;71989080;
543327632312796;71989080;
543327632352122;71989080;
543327632418042;71989080;
543327632825811;71989080;
543327632891163;71989080;
543327632972284;71989080;
543327633226794;71989080;
543327633429993;71989080;
543327633612829;71989080;
543327635634918;71989080;
543327635662654;71989080;
543327636126366;71989080;
543327636403379;75769336;
543327636496906;75769336;
543327636515463;75769336;
543327636539779;75769336;
543327636564138;75769336;
543327637052690;75769336;
543327637225690;75769336;
543327639153734;75769336;
543327640069579;75769336;
543327640222159;75769336;
543327640543943;75769336;
543327641341212;79549488;
543327641597352;79549488;
543327641798395;79549488;
543327641820382;79549488;
543327641868907;79549488;
543327641888309;79549488;
543327642213513;79549488;
543327642983310;79549488;
543327643035796;79549488;
543327643055952;79549488;
543327643700433;79549488;
543327643722924;79549488;
543327643739270;79549488;
543327643877040;79549488;
543327645547393;79549488;
543327646347390;83329616;
543327646396601;83329616;
543327646472656;83329616;
543327646579076;83329616;
543327646939490;83329616;
543327647220054;83329616;
543327647230986;83329616;
543327647247471;83329616;
543327647310973;83329616;
543327650129314;83329616;
543327650199395;83329616;
543327650314237;83329616;
543327650823558;83329616;
543327650859690;83329616;
543327650880220;83329616;
543327651037032;87110024;
543327651279130;87110024;
543327651403884;87110024;
543327651589897;87110024;
543327651818187;87110024;
543327651842948;87110024;
543327651858846;87110024;
543327651918135;87110024;
543327651938677;87110024;
543327652967907;87110024;
543327653065881;87110024;
543327654790989;87110024;
543327654857747;87110024;
543327654913178;87110024;
543327655762670;87110024;
543327655904861;90890280;
543327655923165;90890280;
543327659991335;90890280;
543327660072985;90890280;
543327660095273;90890280;
543327660995811;94670536;
543327661061897;94670536;
543327661198900;94670536;
543327663796607;94670536;
543327663817060;94670536;
543327667597825;98450792;
543327667624386;98450792;
543327667648944;98450792;
543327667804811;98450792;
543327667831156;98450792;
543327669410816;98450792;
543327669489459;98450792;
543327669951505;98450792;
543327670093966;98450792;
543327670635679;98450792;
543327670685953;98450792;
543327672258014;102231344;
543327672542439;102231344;
543327672568148;102231344;
543327673015935;102231344;
543327674720484;102231344;
543327674745895;102231344;
543327674776991;102231344;
543327674969820;102231344;
543327675100481;102231344;
543327675129690;102231344;
543327675147209;102231344;
543327675320529;102231344;
543327675342490;102231344;
543327676206049;106011952;
543327676516573;106011952;
543327676573775;106011952;
543327676609321;106011952;
543327676946938;106011952;
543327676966121;106011952;
543327677971540;106011952;
543327678253403;106011952;
543327678348636;106011952;
543327679037073;106011952;
543327679134532;106011952;
543327679454886;106011952;
543327680350852;106011952;
543327680371184;106011952;
543327680394936;106011952;
543327680497805;106011952;
543327680519810;106011952;
543327680539749;106011952;
543327680634023;106011952;
543327680653175;106011952;
543327680788560;106011952;
543327681369011;109792072;
543327681998977;109792072;
543327682063158;109792072;
543327682338349;109792072;
543327682364252;109792072;
543327682503548;109792072;
543327682557931;109792072;
543327682971846;109792072;
543327684855020;109792072;
543327685058297;109792072;
543327685395931;109792072;
543327686568008;113572200;
543327686601292;113572200;
543327686637950;113572200;
543327687092356;113572200;
543327687212878;113572200;
543327687372406;113572200;
543327687719412;113572200;
543327687991783;113572200;
543327688184822;113572200;
543327688235134;113572200;
543327688252207;113572200;
543327688276193;113572200;
543327688293166;113572200;
543327688814862;113572200;
543327688924779;113572200;
543327689089017;113572200;
543327692175050;117352328;
543327693196107;117352328;
543327694174797;117352328;
543327694273929;117352328;
543327694295770;117352328;
543327694316332;117352328;
543327694454184;117352328;
543327694480219;117352328;
543327694596481;117352328;
543327694753328;117352328;
543327695004574;117352328;
543327695202325;117352328;
543327695221450;117352328;
543327696950449;121132832;
543327696974948;121132832;
543327699191320;121132832;
543327699334472;121132832;
543327702525469;124913224;
543327702546419;124913224;
543327702566902;124913224;
543327703875805;124913224;
543327703903775;124913224;
543327704477231;124913224;
543327704497520;124913224;
543327705359064;124913224;
543327706869188;128693344;
543327709483320;128693344;
543327710385356;128693344;
543327710405130;128693344;
543327711587350;128693344;
543327711610090;128693344;
543327712588565;132473584;
543327712646961;132473584;
543327712676474;132473584;
543327712985217;132473584;
543327713068306;132473584;
543327713092686;132473584;
543327713131603;132473584;
543327713142211;132473584;
543327713229219;132473584;
543327713246110;132473584;
543327713381533;132473584;
543327715055687;132473584;
543327715078968;132473584;
543327715095749;132473584;
543327715115870;132473584;
543327715644848;132473584;
543327715671985;132473584;
543327716142279;132473584;
543327717657055;136253840;
543327717720277;136253840;
543327718358399;136253840;
543327718437645;136253840;
543327718459669;136253840;
543327718476982;136253840;
543327718909597;136253840;
543327719367220;136253840;
543327719420483;136253840;
543327720186384;136253840;
543327720579647;136253840;
543327720609599;136253840;
543327720640715;136253840;
543327720658700;136253840;
543327720682921;136253840;
543327720761019;136253840;
543327721426081;136253840;
543327722050397;140034376;
543327722361872;140034376;
543327722564404;140034376;
543327722727017;140034376;
543327722768673;140034376;
543327722814293;140034376;
543327722844829;140034376;
543327722865376;140034376;
543327722881646;140034376;
543327722910814;140034376;
543327722978580;140034376;
543327723000352;140034376;
543327723048012;140034376;
543327723065308;140034376;
543327723085549;140034376;
543327723561138;140034376;
543327723658610;140034376;
543327723679879;140034376;
543327723945176;140034376;
543327724107185;140034376;
543327726086483;140034376;
543327726484816;140034376;
543327727403970;143814504;
543327728546401;143814504;
543327728773683;143814504;
543327728796059;143814504;
543327730595560;143814504;
543327730913805;143814504;
543327731001764;143814504;
543327731051691;143814504;
543327731951508;147594624;
543327732095541;147594624;
543327732798062;147594624;
543327733670332;147594624;
543327735652749;147594624;
543327735754942;147594624;
543327735889805;147594624;
543327735908838;147594624;
543327736953853;151375032;
543327738442198;151375032;
543327738742012;151375032;
543327738760200;151375032;
543327738822276;151375032;
543327739112402;151375032;
543327739148875;151375032;
543327739454194;151375032;
543327739527901;151375032;
543327740570717;151375032;
543327740664607;151375032;
543327740719451;151375032;
543327740988505;151375032;
543327741251231;151375032;
543327741269645;151375032;
543327741285564;151375032;
543327742167938;155155648;
543327742190956;155155648;
543327742210799;155155648;
543327742800511;155155648;
543327743330801;155155648;
543327743776443;155155648;
543327744563725;155155648;
543327745418873;155155648;
543327746373234;155155648;
543327746548738;155155648;
543327747106616;158935984;
543327747169697;158935984;
543327747190141;158935984;
543327747206477;158935984;
543327747235313;158935984;
543327747748186;158935984;
543327748720586;158935984;
543327748944527;158935984;
543327748969763;158935984;
543327748999041;158935984;
543327751373917;158935984;
543327751394607;158935984;
543327753024852;162716376;
543327756399208;166496768;
543327756419870;166496768;
543327756443106;166496768;
543327756523290;166496768;
543327756684772;166496768;
543327757502516;166496768;
543327757538474;166496768;
543327757555733;166496768;
543327757572140;166496768;
543327758791642;166496768;
543327758857912;166496768;
543327758924817;166496768;
543327758945174;166496768;
543327759591850;166496768;
543327759667769;166496768;
543327760381994;166496768;
543327760482060;166496768;
543327760544159;166496768;
543327760565264;166496768;
543327761692387;170277416;
543327763996134;170277416;
543327765892958;170277416;
543327765913986;170277416;
543327765931223;170277416;
543327765966234;170277416;
543327766365098;174057608;
543327767317326;174057608;
543327767452486;174057608;
543327768908675;174057608;
543327770570524;174057608;
543327771100411;174057608;
543327771119674;174057608;
543327771287977;177837736;
543327771399891;177837736;
543327771418498;177837736;
543327771905605;177837736;
543327772021658;177837736;
543327772100547;177837736;
543327772119166;177837736;
543327772225506;177837736;
543327772429704;177837736;
543327772575611;177837736;
543327774680401;177837736;
543327777039829;181617864;
543327778109274;181617864;
543327778134066;181617864;
543327778960861;181617864;
543327778996488;181617864;
543327779085197;181617864;
543327779319529;181617864;
543327779457342;181617864;
543327779506897;181617864;
543327780499874;181617864;
543327780643017;181617864;
543327781213601;185398368;
543327782173638;185398368;
543327782192985;185398368;
543327782523857;185398368;
543327783055386;185398368;
543327783074596;185398368;
543327784439527;185398368;
543327784464046;185398368;
543327784481435;185398368;
543327784497968;185398368;
543327784518900;185398368;
543327784579848;185398368;
543327784740240;185398368;
543327786513578;189178760;
543327786551990;189178760;
543327786598557;189178760;
543327787673489;189178760;
543327789004575;189178760;
543327789096005;189178760;
543327789327844;189178760;
543327789361870;189178760;
543327789456423;189178760;
543327789478245;189178760;
543327789738618;189178760;
543327789872113;189178760;
543327790668620;189178760;
543327790813161;189178760;
543327791592618;192959168;
543327791674933;192959168;
543327791812244;192959168;
543327791878706;192959168;
543327791897435;192959168;
543327791917852;192959168;
543327791934703;192959168;
543327792112036;192959168;
543327793018067;192959168;
543327793056246;192959168;
543327793074273;192959168;
543327793225439;192959168;
543327793244025;192959168;
543327794322904;192959168;
543327794484564;192959168;
543327794831406;192959168;
543327794854229;192959168;
543327795616531;192959168;
543327795636534;192959168;
543327795690667;192959168;
543327796302729;192959168;
543327796487282;196739720;
543327796723978;196739720;
543327797420295;196739720;
543327797559698;196739720;
543327798840471;196739720;
543327798852510;196739720;
543327799287911;196739720;
543327800252578;196739720;
543327800481890;196739720;
543327800529981;196739720;
543327800594980;196739720;
543327800616356;196739720;
543327800946279;196739720;
543327801881347;200519848;
543327801916131;200519848;
543327801950852;200519848;
543327802243582;200519848;
543327803440599;200519848;
543327803851680;200519848;
543327803870583;200519848;
543327804183423;200519848;
543327805624481;200519848;
543327806508011;203937504;
543327806527635;203937504;
543327806597560;203937504;
543327810309333;203937504;
543327810383677;203937504;
543327810406016;203937504;
543327810497062;203937504;
543327810643168;203937504;
543327817896250;16205728;
543327818299888;16205728;
543327818330337;16205728;
543327818367531;16205728;
543327820708102;16205728;
543327822177772;16205728;
543327822208022;16205728;
543327822817603;16205728;
543327822838331;16205728;
543327822895535;16205728;
543327822927295;16205728;
543327823974001;16205728;
543327824689295;16205728;
543327824706597;16205728;
543327825068557;16205728;
543327825747871;23869624;
543327825829738;23869624;
543327825907360;23869624;
543327825925893;23869624;
543327826272561;23869624;
543327826292237;23869624;
543327826957977;23869624;
543327827047251;23869624;
543327827123844;23869624;
543327827311010;23869624;
543327828925670;23869624;
543327829007843;23869624;
543327829166794;23869624;
543327829336266;23869624;
543327829706676;23869624;
543327829783462;23869624;
543327829800066;23869624;
543327829893290;23869624;
543327830074700;23869624;
543327831140597;23869624;
543327831278693;23869624;
543327833610394;23869624;
543327833632308;23869624;
543327835039370;23869624;
543327835258637;23869624;
543327835314758;23869624;
543327835657342;23869624;
543327836834494;31533400;
543327836854990;31533400;
543327836942960;31533400;
543327837050716;31533400;
543327837288781;31533400;
543327837539522;31533400;
543327838015155;31533400;
543327838066667;31533400;
543327838162406;31533400;
543327838229834;31533400;
543327838434982;31533400;
543327838446238;31533400;
543327838756632;31533400;
543327838843213;31533400;
543327838879883;31533400;
543327838988363;31533400;
543327839886260;31533400;
543327839936689;31533400;
543327839970883;31533400;
543327839989292;31533400;
543327840027012;31533400;
543327840341263;31533400;
543327840468817;31533400;
543327840606587;31533400;
543327841050530;31533400;
543327841076305;31533400;
543327841848040;31533400;
543327841983074;31533400;
543327843274288;31533400;
543327843340299;31533400;
543327844282539;31533400;
543327844623093;31533400;
543327846098058;31533400;
543327846913114;39196904;
543327847622266;39196904;
543327847686557;39196904;
543327847834440;39196904;
543327847852436;39196904;
543327847869546;39196904;
543327848139281;39196904;
543327849822456;39196904;
543327850723409;39196904;
543327850774753;39196904;
543327851922080;39196904;
543327851959300;39196904;
543327851980532;39196904;
543327852007054;39196904;
543327852160918;39196904;
543327853030814;39196904;
543327853176192;39196904;
543327853675201;39196904;
543327853694476;39196904;
543327853774341;39196904;
543327854795197;39196904;
543327854831331;39196904;
543327855630781;39196904;
543327855768217;39196904;
543327855979796;39196904;
543327856013162;39196904;
543327856034570;39196904;
543327857970429;46860432;
543327858116999;46860432;
543327858135864;46860432;
543327858166564;46860432;
543327859021967;46860432;
543327859053127;46860432;
543327859517249;46860432;
543327859917785;46860432;
543327859964022;46860432;
543327859994358;46860432;
543327860026083;46860432;
543327860435892;46860432;
543327861449364;46860432;
543327861905773;46860432;
543327861925515;46860432;
543327863285487;46860432;
543327863341605;46860432;
543327863439640;46860432;
543327863458356;46860432;
543327864016664;46860432;
543327864323412;46860432;
543327864665262;46860432;
543327864725772;46860432;
543327864791744;46860432;
543327864953251;46860432;
543327864964541;46860432;
543327865287523;46860432;
543327866186220;46860432;
543327867570122;54523944;
543327868152621;54523944;
543327868510820;54523944;
543327869282456;54523944;
543327869386200;54523944;
543327869404413;54523944;
543327869499031;54523944;
543327869517137;54523944;
543327869680178;54523944;
543327869702035;54523944;
543327869805792;54523944;
543327870084804;54523944;
543327870643885;54523944;
543327870918985;54523944;
543327871776779;54523944;
543327872133342;54523944;
543327872484289;54523944;
543327872517273;54523944;
543327872538454;54523944;
543327873219850;54523944;
543327874385649;54523944;
543327875032755;54523944;
543327875155641;54523944;
543327875166920;54523944;
543327875575346;54523944;
543327875594817;54523944;
543327877686475;62187456;
543327877709964;62187456;
543327878715285;62187456;
543327879716723;62187456;
543327879737060;62187456;
543327881027753;62187456;
543327881356002;62187456;
543327883303773;62187456;
543327883416277;62187456;
543327885286896;62187456;
543327885323438;62187456;
543327885341841;62187456;
543327885389790;62187456;
543327885406755;62187456;
543327885430826;62187456;
543327885450937;62187456;
543327885493404;62187456;
543327885913404;62187456;
543327889964818;69851448;
543327890135711;69851448;
543327890146514;69851448;
543327891380556;69851448;
543327891404310;69851448;
543327891476883;69851448;
543327891515780;69851448;
543327893215645;69851448;
543327893508817;69851448;
543327894042504;69851448;
543327894107570;69851448;
543327894129362;69851448;
543327894981285;69851448;
543327895813281;69851448;
543327895958604;69851448;
543327895976956;69851448;
543327895993944;69851448;
543327896327136;69851448;
543327899274847;77515072;
543327899621185;77515072;
543327899670917;77515072;
543327900127937;77515072;
543327900504022;77515072;
543327900542748;77515072;
543327900595529;77515072;
543327900612916;77515072;
543327900629412;77515072;
543327903162254;77515072;
543327903189522;77515072;
543327903206219;77515072;
543327903284808;77515072;
543327903392072;77515072;
543327903638768;77515072;
543327903657396;77515072;
543327903674027;77515072;
543327904067931;77515072;
543327904096061;77515072;
543327904112876;77515072;
543327904136834;77515072;
543327904266069;77515072;
543327904293437;77515072;
543327904318044;77515072;
543327905201727;77515072;
543327905790317;77515072;
543327905900932;77515072;
543327906266908;77515072;
543327907080877;77515072;
543327907163474;77515072;
543327908109985;85178712;
543327908145766;85178712;
543327908163551;85178712;
543327908214544;85178712;
543327909202535;85178712;
543327910116213;85178712;
543327910180987;85178712;
543327910198741;85178712;
543327910552925;85178712;
543327910616564;85178712;
543327910641586;85178712;
543327911377683;85178712;
543327913353830;85178712;
543327914318928;85178712;
543327914478106;85178712;
543327914500630;85178712;
543327914521569;85178712;
543327914750712;85178712;
543327914981469;85178712;
543327915983703;85178712;
543327916190327;85178712;
543327916460850;85178712;
543327916479305;85178712;
543327917476570;85178712;
543327919210139;92842224;
543327919244467;92842224;
543327919261661;92842224;
543327919278407;92842224;
543327919295347;92842224;
543327920896758;92842224;
543327921866128;92842224;
543327921949971;92842224;
543327922807599;92842224;
543327922826309;92842224;
543327924573388;92842224;
543327924650228;92842224;
543327925410845;92842224;
543327925681603;92842224;
543327925723777;92842224;
543327925900231;92842224;
543327925954440;92842224;
543327926207751;92842224;
543327926282800;92842224;
543327926408926;92842224;
543327926818144;92842224;
543327926836801;92842224;
543327928149441;100505752;
543327928187017;100505752;
543327929382590;100505752;
543327929408599;100505752;
543327929428026;100505752;
543327929461319;100505752;
543327929616251;100505752;
543327929646866;100505752;
543327929663281;100505752;
543327929719998;100505752;
543327929843183;100505752;
543327929901918;100505752;
543327929987905;100505752;
543327931188337;100505752;
543327931208921;100505752;
543327931225965;100505752;
543327932437960;100505752;
543327932457361;100505752;
543327932490477;100505752;
543327932970415;100505752;
543327934745273;100505752;
543327935285760;100505752;
543327935517788;100505752;
543327936095033;100505752;
543327937506312;100505752;
543327937875674;108169840;
543327939250224;108169840;
543327939270435;108169840;
543327939297209;108169840;
543327939587669;108169840;
543327939624211;108169840;
543327939677780;108169840;
543327939697025;108169840;
543327939771184;108169840;
543327940043819;108169840;
543327940063732;108169840;
543327940220410;108169840;
543327940322121;108169840;
543327940343010;108169840;
543327940362584;108169840;
543327940421449;108169840;
543327940550116;108169840;
543327941376092;108169840;
543327941427587;108169840;
543327941461202;108169840;
543327941481776;108169840;
543327942566323;108169840;
543327943751797;108169840;
543327943859626;108169840;
543327944394125;108169840;
543327944714062;108169840;
543327944756250;108169840;
543327944833584;108169840;
543327944850591;108169840;
543327944866679;108169840;
543327944913234;108169840;
543327944930187;108169840;
543327944985264;108169840;
543327945047920;108169840;
543327947392208;108169840;
543327947445576;108169840;
543327948594389;115833792;
543327949496869;115833792;
543327949534200;115833792;
543327950016309;115833792;
543327950048267;115833792;
543327950068766;115833792;
543327950095453;115833792;
543327951254139;115833792;
543327951276970;115833792;
543327951517593;115833792;
543327951742977;115833792;
543327952589467;115833792;
543327953133110;115833792;
543327953154896;115833792;
543327953284210;115833792;
543327953387159;115833792;
543327953681501;115833792;
543327955571424;115833792;
543327956048615;115833792;
543327956178074;115833792;
543327956937102;115833792;
543327957095853;115833792;
543327958206876;123497296;
543327958268359;123497296;
543327959426166;123497296;
543327959446315;123497296;
543327959744297;123497296;
543327959809901;123497296;
543327960375855;123497296;
543327960432172;123497296;
543327960790164;123497296;
543327960824616;123497296;
543327960842047;123497296;
543327960861147;123497296;
543327962103885;123497296;
543327962878154;123497296;
543327962898389;123497296;
543327964022803;123497296;
543327964187423;123497296;
543327964251580;123497296;
543327964269056;123497296;
543327965237670;123497296;
543327965502938;123497296;
543327966460982;123497296;
543327966819179;123497296;
543327969210601;131160800;
543327969234172;131160800;
543327969333753;131160800;
543327969355290;131160800;
543327969666300;131160800;
543327969813856;131160800;
543327969835283;131160800;
543327969931117;131160800;
543327970421556;131160800;
543327970514446;131160800;
543327970552418;131160800;
543327970572201;131160800;
543327970635027;131160800;
543327970666450;131160800;
543327970689237;131160800;
543327970751317;131160800;
543327971156061;131160800;
543327971167549;131160800;
543327971184038;131160800;
543327971203268;131160800;
543327971302241;131160800;
543327971577539;131160800;
543327973157624;131160800;
543327973725842;131160800;
543327974231516;131160800;
543327974267342;131160800;
543327974301623;131160800;
543327974321218;131160800;
543327975951032;131160800;
543327976598455;131160800;
543327976647093;131160800;
543327976663031;131160800;
543327976755818;131160800;
543327977348079;131160800;
543327977518694;131160800;
543327977540749;131160800;
543327977859119;138824312;
543327977939034;138824312;
543327977968900;138824312;
543327978113354;138824312;
543327978634269;138824312;
543327978766530;138824312;
543327978991563;138824312;
543327979204387;138824312;
543327981031576;138824312;
543327981055170;138824312;
543327981183746;138824312;
543327981204890;138824312;
543327981224014;138824312;
543327981249902;138824312;
543327981282480;138824312;
543327981363231;138824312;
543327982217992;138824312;
543327982299687;138824312;
543327982455641;138824312;
543327982492088;138824312;
543327982501468;138824312;
543327983107339;138824312;
543327983157160;138824312;
543327983172937;138824312;
543327983208190;138824312;
543327983273824;138824312;
543327983533633;138824312;
543327983588491;138824312;
543327984484604;138824312;
543327984949975;138824312;
543327985039025;138824312;
543327985056476;138824312;
543327985095760;138824312;
543327985160892;138824312;
543327985937982;138824312;
543327987663905;146487952;
543327987686886;146487952;
543327987733736;146487952;
543327989364744;146487952;
543327989387753;146487952;
543327989421318;146487952;
543327989480839;146487952;
543327990005232;146487952;
543327990057187;146487952;
543327990444007;146487952;
543327991203660;146487952;
543327992193217;146487952;
543327992217064;146487952;
543327992382609;146487952;
543327992433288;146487952;
543327992917294;146487952;
543327992939326;146487952;
543327992982038;146487952;
543327993020665;146487952;
543327993037913;146487952;
543327993862901;146487952;
543327994031497;146487952;
543327994056219;146487952;
543327994095295;146487952;
543327994254015;146487952;
543327994276741;146487952;
543327994336429;146487952;
543327994673062;146487952;
543327994696138;146487952;
543327994726880;146487952;
543327995067127;146487952;
543327995463851;146487952;
543327995481617;146487952;
543327995561338;146487952;
