TEntryCall;
;;OperationSignature;elapsed;start;end;
;;public java.util.Set org.cocome.cloud.logic.webservice.cashdeskline.cashdesk.CashDesk.startSale(java.lang.String, long);696254;4120408772628;4120409468882;
;;public java.util.Set org.cocome.cloud.logic.webservice.cashdeskline.cashdesk.CashDesk.startSale(java.lang.String, long);16944;4120412562592;4120412579536;
;;public java.util.Set org.cocome.cloud.logic.webservice.cashdeskline.cashdesk.CashDesk.startSale(java.lang.String, long);12157;4120412978074;4120412990231;
;;public java.util.Set org.cocome.cloud.logic.webservice.cashdeskline.cashdesk.CashDesk.startSale(java.lang.String, long);11856;4120413340725;4120413352581;
;;public java.util.Set org.cocome.cloud.logic.webservice.cashdeskline.cashdesk.CashDesk.startSale(java.lang.String, long);11883;4120413720142;4120413732025;
;;public java.util.Set org.cocome.cloud.logic.webservice.cashdeskline.cashdesk.CashDesk.startSale(java.lang.String, long);12387;4120414106813;4120414119200;
;;public java.util.Set org.cocome.cloud.logic.webservice.cashdeskline.cashdesk.CashDesk.startSale(java.lang.String, long);11911;4120414473433;4120414485344;
;;public java.util.Set org.cocome.cloud.logic.webservice.cashdeskline.cashdesk.CashDesk.startSale(java.lang.String, long);12221;4120414837002;4120414849223;
;;public java.util.Set org.cocome.cloud.logic.webservice.cashdeskline.cashdesk.CashDesk.startSale(java.lang.String, long);11919;4120415203802;4120415215721;
;;public java.util.Set org.cocome.cloud.logic.webservice.cashdeskline.cashdesk.CashDesk.startSale(java.lang.String, long);14640;4120415719673;4120415734313;
;;public java.util.Set org.cocome.cloud.logic.webservice.cashdeskline.cashdesk.CashDesk.startSale(java.lang.String, long);12100;4120416118085;4120416130185;
;;public java.util.Set org.cocome.cloud.logic.webservice.cashdeskline.cashdesk.CashDesk.startSale(java.lang.String, long);10602;4120416488516;4120416499118;
;;public java.util.Set org.cocome.cloud.logic.webservice.cashdeskline.cashdesk.CashDesk.startSale(java.lang.String, long);10598;4120416822335;4120416832933;
;;public java.util.Set org.cocome.cloud.logic.webservice.cashdeskline.cashdesk.CashDesk.startSale(java.lang.String, long);11724;4120417132636;4120417144360;
;;public java.util.Set org.cocome.cloud.logic.webservice.cashdeskline.cashdesk.CashDesk.startSale(java.lang.String, long);13028;4120417534235;4120417547263;
;;public java.util.Set org.cocome.cloud.logic.webservice.cashdeskline.cashdesk.CashDesk.startSale(java.lang.String, long);11690;4120418993922;4120419005612;
;;public java.util.Set org.cocome.cloud.logic.webservice.cashdeskline.cashdesk.CashDesk.startSale(java.lang.String, long);11143;4120419347928;4120419359071;
;;public java.util.Set org.cocome.cloud.logic.webservice.cashdeskline.cashdesk.CashDesk.startSale(java.lang.String, long);10792;4120419665110;4120419675902;
;;public java.util.Set org.cocome.cloud.logic.webservice.cashdeskline.cashdesk.CashDesk.startSale(java.lang.String, long);11260;4120420713527;4120420724787;
;;public java.util.Set org.cocome.cloud.logic.webservice.cashdeskline.cashdesk.CashDesk.startSale(java.lang.String, long);12111;4120421282703;4120421294814;
;;public java.util.Set org.cocome.cloud.logic.webservice.cashdeskline.cashdesk.CashDesk.startSale(java.lang.String, long);9018;4120421655119;4120421664137;
;;public java.util.Set org.cocome.cloud.logic.webservice.cashdeskline.cashdesk.CashDesk.startSale(java.lang.String, long);23399;4120421946899;4120421970298;
;;public java.util.Set org.cocome.cloud.logic.webservice.cashdeskline.cashdesk.CashDesk.startSale(java.lang.String, long);8172;4120422291776;4120422299948;
;;public java.util.Set org.cocome.cloud.logic.webservice.cashdeskline.cashdesk.CashDesk.startSale(java.lang.String, long);9140;4120422650898;4120422660038;
;;public java.util.Set org.cocome.cloud.logic.webservice.cashdeskline.cashdesk.CashDesk.startSale(java.lang.String, long);7855;4120423031861;4120423039716;
;;public java.util.Set org.cocome.cloud.logic.webservice.cashdeskline.cashdesk.CashDesk.startSale(java.lang.String, long);20239;4120423369847;4120423390086;
;;public java.util.Set org.cocome.cloud.logic.webservice.cashdeskline.cashdesk.CashDesk.startSale(java.lang.String, long);7900;4120423714085;4120423721985;
;;public java.util.Set org.cocome.cloud.logic.webservice.cashdeskline.cashdesk.CashDesk.startSale(java.lang.String, long);7917;4120424045621;4120424053538;
;;public java.util.Set org.cocome.cloud.logic.webservice.cashdeskline.cashdesk.CashDesk.startSale(java.lang.String, long);7566;4120424340176;4120424347742;
;;public java.util.Set org.cocome.cloud.logic.webservice.cashdeskline.cashdesk.CashDesk.startSale(java.lang.String, long);9876;4120424733425;4120424743301;
;;public java.util.Set org.cocome.cloud.logic.webservice.cashdeskline.cashdesk.CashDesk.startSale(java.lang.String, long);7679;4120425027144;4120425034823;
;;public java.util.Set org.cocome.cloud.logic.webservice.cashdeskline.cashdesk.CashDesk.startSale(java.lang.String, long);9881;4120425300109;4120425309990;
;;public java.util.Set org.cocome.cloud.logic.webservice.cashdeskline.cashdesk.CashDesk.startSale(java.lang.String, long);7483;4120425628710;4120425636193;
;;public java.util.Set org.cocome.cloud.logic.webservice.cashdeskline.cashdesk.CashDesk.startSale(java.lang.String, long);9172;4120425941306;4120425950478;
;;public java.util.Set org.cocome.cloud.logic.webservice.cashdeskline.cashdesk.CashDesk.startSale(java.lang.String, long);9787;4120426249453;4120426259240;
;;public java.util.Set org.cocome.cloud.logic.webservice.cashdeskline.cashdesk.CashDesk.startSale(java.lang.String, long);9468;4120426609782;4120426619250;
;;public java.util.Set org.cocome.cloud.logic.webservice.cashdeskline.cashdesk.CashDesk.startSale(java.lang.String, long);8425;4120427552936;4120427561361;
;;public java.util.Set org.cocome.cloud.logic.webservice.cashdeskline.cashdesk.CashDesk.startSale(java.lang.String, long);7454;4120427814428;4120427821882;
;;public java.util.Set org.cocome.cloud.logic.webservice.cashdeskline.cashdesk.CashDesk.startSale(java.lang.String, long);13674;4120432203720;4120432217394;
;;public java.util.Set org.cocome.cloud.logic.webservice.cashdeskline.cashdesk.CashDesk.startSale(java.lang.String, long);10204;4120432924675;4120432934879;
;;public java.util.Set org.cocome.cloud.logic.webservice.cashdeskline.cashdesk.CashDesk.startSale(java.lang.String, long);9186;4120433237074;4120433246260;
;;public java.util.Set org.cocome.cloud.logic.webservice.cashdeskline.cashdesk.CashDesk.startSale(java.lang.String, long);7802;4120433532110;4120433539912;
;;public java.util.Set org.cocome.cloud.logic.webservice.cashdeskline.cashdesk.CashDesk.startSale(java.lang.String, long);8892;4120433908441;4120433917333;
;;public java.util.Set org.cocome.cloud.logic.webservice.cashdeskline.cashdesk.CashDesk.startSale(java.lang.String, long);7265;4120434207082;4120434214347;
;;public java.util.Set org.cocome.cloud.logic.webservice.cashdeskline.cashdesk.CashDesk.startSale(java.lang.String, long);7512;4120434457825;4120434465337;
;;public java.util.Set org.cocome.cloud.logic.webservice.cashdeskline.cashdesk.CashDesk.startSale(java.lang.String, long);7752;4120434709708;4120434717460;
;;public java.util.Set org.cocome.cloud.logic.webservice.cashdeskline.cashdesk.CashDesk.startSale(java.lang.String, long);7524;4120434978505;4120434986029;
;;public java.util.Set org.cocome.cloud.logic.webservice.cashdeskline.cashdesk.CashDesk.startSale(java.lang.String, long);7378;4120435235534;4120435242912;
;;public java.util.Set org.cocome.cloud.logic.webservice.cashdeskline.cashdesk.CashDesk.startSale(java.lang.String, long);8647;4120435519105;4120435527752;
;;public java.util.Set org.cocome.cloud.logic.webservice.cashdeskline.cashdesk.CashDesk.startSale(java.lang.String, long);12817;4120436177157;4120436189974;
;;public java.util.Set org.cocome.cloud.logic.webservice.cashdeskline.cashdesk.CashDesk.startSale(java.lang.String, long);9231;4120442027860;4120442037091;
;;public java.util.Set org.cocome.cloud.logic.webservice.cashdeskline.cashdesk.CashDesk.startSale(java.lang.String, long);7187;4120442273064;4120442280251;
;;public java.util.Set org.cocome.cloud.logic.webservice.cashdeskline.cashdesk.CashDesk.startSale(java.lang.String, long);6923;4120442495557;4120442502480;
;;public java.util.Set org.cocome.cloud.logic.webservice.cashdeskline.cashdesk.CashDesk.startSale(java.lang.String, long);7132;4120442718638;4120442725770;
;;public java.util.Set org.cocome.cloud.logic.webservice.cashdeskline.cashdesk.CashDesk.startSale(java.lang.String, long);9054;4120443933642;4120443942696;
;;public java.util.Set org.cocome.cloud.logic.webservice.cashdeskline.cashdesk.CashDesk.startSale(java.lang.String, long);6974;4120444207352;4120444214326;
;;public java.util.Set org.cocome.cloud.logic.webservice.cashdeskline.cashdesk.CashDesk.startSale(java.lang.String, long);7483;4120444435992;4120444443475;
;;public java.util.Set org.cocome.cloud.logic.webservice.cashdeskline.cashdesk.CashDesk.startSale(java.lang.String, long);8346;4120444909756;4120444918102;
;;public java.util.Set org.cocome.cloud.logic.webservice.cashdeskline.cashdesk.CashDesk.startSale(java.lang.String, long);7161;4120445131693;4120445138854;
;;public java.util.Set org.cocome.cloud.logic.webservice.cashdeskline.cashdesk.CashDesk.startSale(java.lang.String, long);7513;4120445467746;4120445475259;
;;public java.util.Set org.cocome.cloud.logic.webservice.cashdeskline.cashdesk.CashDesk.startSale(java.lang.String, long);6907;4120445681935;4120445688842;
;;public java.util.Set org.cocome.cloud.logic.webservice.cashdeskline.cashdesk.CashDesk.startSale(java.lang.String, long);6881;4120445889333;4120445896214;
;;public java.util.Set org.cocome.cloud.logic.webservice.cashdeskline.cashdesk.CashDesk.startSale(java.lang.String, long);8268;4120446531748;4120446540016;
;;public java.util.Set org.cocome.cloud.logic.webservice.cashdeskline.cashdesk.CashDesk.startSale(java.lang.String, long);31495;4120447492355;4120447523850;
;;public java.util.Set org.cocome.cloud.logic.webservice.cashdeskline.cashdesk.CashDesk.startSale(java.lang.String, long);7220;4120448620930;4120448628150;
;;public java.util.Set org.cocome.cloud.logic.webservice.cashdeskline.cashdesk.CashDesk.startSale(java.lang.String, long);5740;4120448844320;4120448850060;
;;public java.util.Set org.cocome.cloud.logic.webservice.cashdeskline.cashdesk.CashDesk.startSale(java.lang.String, long);5759;4120449042738;4120449048497;
;;public java.util.Set org.cocome.cloud.logic.webservice.cashdeskline.cashdesk.CashDesk.startSale(java.lang.String, long);5690;4120449238915;4120449244605;
;;public java.util.Set org.cocome.cloud.logic.webservice.cashdeskline.cashdesk.CashDesk.startSale(java.lang.String, long);6985;4120450411249;4120450418234;
;;public java.util.Set org.cocome.cloud.logic.webservice.cashdeskline.cashdesk.CashDesk.startSale(java.lang.String, long);5951;4120450716490;4120450722441;
;;public java.util.Set org.cocome.cloud.logic.webservice.cashdeskline.cashdesk.CashDesk.startSale(java.lang.String, long);5537;4120450914428;4120450919965;
;;public java.util.Set org.cocome.cloud.logic.webservice.cashdeskline.cashdesk.CashDesk.startSale(java.lang.String, long);5715;4120451110626;4120451116341;
;;public java.util.Set org.cocome.cloud.logic.webservice.cashdeskline.cashdesk.CashDesk.startSale(java.lang.String, long);6736;4120451897671;4120451904407;
;;public java.util.Set org.cocome.cloud.logic.webservice.cashdeskline.cashdesk.CashDesk.startSale(java.lang.String, long);5976;4120452119428;4120452125404;
;;public java.util.Set org.cocome.cloud.logic.webservice.cashdeskline.cashdesk.CashDesk.startSale(java.lang.String, long);6721;4120453391549;4120453398270;
;;public java.util.Set org.cocome.cloud.logic.webservice.cashdeskline.cashdesk.CashDesk.startSale(java.lang.String, long);8414;4120455369977;4120455378391;
;;public java.util.Set org.cocome.cloud.logic.webservice.cashdeskline.cashdesk.CashDesk.startSale(java.lang.String, long);5880;4120455604180;4120455610060;
;;public java.util.Set org.cocome.cloud.logic.webservice.cashdeskline.cashdesk.CashDesk.startSale(java.lang.String, long);5920;4120455791253;4120455797173;
;;public java.util.Set org.cocome.cloud.logic.webservice.cashdeskline.cashdesk.CashDesk.startSale(java.lang.String, long);6230;4120456171315;4120456177545;
;;public java.util.Set org.cocome.cloud.logic.webservice.cashdeskline.cashdesk.CashDesk.startSale(java.lang.String, long);6220;4120456449483;4120456455703;
;;public java.util.Set org.cocome.cloud.logic.webservice.cashdeskline.cashdesk.CashDesk.startSale(java.lang.String, long);6318;4120457432325;4120457438643;
;;public java.util.Set org.cocome.cloud.logic.webservice.cashdeskline.cashdesk.CashDesk.startSale(java.lang.String, long);11043;4120460305454;4120460316497;
;;public java.util.Set org.cocome.cloud.logic.webservice.cashdeskline.cashdesk.CashDesk.startSale(java.lang.String, long);6234;4120460548174;4120460554408;
;;public java.util.Set org.cocome.cloud.logic.webservice.cashdeskline.cashdesk.CashDesk.startSale(java.lang.String, long);6745;4120460762230;4120460768975;
;;public java.util.Set org.cocome.cloud.logic.webservice.cashdeskline.cashdesk.CashDesk.startSale(java.lang.String, long);9405;4120461132860;4120461142265;
;;public java.util.Set org.cocome.cloud.logic.webservice.cashdeskline.cashdesk.CashDesk.startSale(java.lang.String, long);5974;4120461450489;4120461456463;
;;public java.util.Set org.cocome.cloud.logic.webservice.cashdeskline.cashdesk.CashDesk.startSale(java.lang.String, long);6240;4120461658040;4120461664280;
;;public java.util.Set org.cocome.cloud.logic.webservice.cashdeskline.cashdesk.CashDesk.startSale(java.lang.String, long);6555;4120461933288;4120461939843;
;;public java.util.Set org.cocome.cloud.logic.webservice.cashdeskline.cashdesk.CashDesk.startSale(java.lang.String, long);6348;4120462141111;4120462147459;
;;public java.util.Set org.cocome.cloud.logic.webservice.cashdeskline.cashdesk.CashDesk.startSale(java.lang.String, long);6653;4120462751518;4120462758171;
;;public java.util.Set org.cocome.cloud.logic.webservice.cashdeskline.cashdesk.CashDesk.startSale(java.lang.String, long);7650;4120463010585;4120463018235;
;;public java.util.Set org.cocome.cloud.logic.webservice.cashdeskline.cashdesk.CashDesk.startSale(java.lang.String, long);6335;4120463243933;4120463250268;
;;public java.util.Set org.cocome.cloud.logic.webservice.cashdeskline.cashdesk.CashDesk.startSale(java.lang.String, long);5867;4120463458039;4120463463906;
;;public java.util.Set org.cocome.cloud.logic.webservice.cashdeskline.cashdesk.CashDesk.startSale(java.lang.String, long);6076;4120463638573;4120463644649;
;;public java.util.Set org.cocome.cloud.logic.webservice.cashdeskline.cashdesk.CashDesk.startSale(java.lang.String, long);5721;4120463821566;4120463827287;
;;public java.util.Set org.cocome.cloud.logic.webservice.cashdeskline.cashdesk.CashDesk.startSale(java.lang.String, long);5684;4120463998686;4120464004370;
;;public java.util.Set org.cocome.cloud.logic.webservice.cashdeskline.cashdesk.CashDesk.startSale(java.lang.String, long);5492;4120464205403;4120464210895;
;;public java.util.Set org.cocome.cloud.logic.webservice.cashdeskline.cashdesk.CashDesk.startSale(java.lang.String, long);5810;4120464395200;4120464401010;
;;public java.util.Set org.cocome.cloud.logic.webservice.cashdeskline.cashdesk.CashDesk.startSale(java.lang.String, long);5564;4120464578546;4120464584110;
;;public java.util.Set org.cocome.cloud.logic.webservice.cashdeskline.cashdesk.CashDesk.startSale(java.lang.String, long);5799;4120464836332;4120464842131;
