TEntryCallSequence;
;OperationSignature;sessionCreation;approvedListCreation;entryCallSequenceModelCreation;elapsed;
;public java.util.Set org.cocome.cloud.logic.webservice.cashdeskline.cashdesk.CashDesk.finishSale(java.lang.String,long);24624;296;243104;1446384;
;public java.util.Set org.cocome.cloud.logic.webservice.cashdeskline.cashdesk.CashDesk.finishSale(java.lang.String,long);191;210;1129;20641;
;public org.cocome.tradingsystem.inventory.application.store.ProductWithStockItemTO org.cocome.tradingsystem.inventory.application.store.StoreServer.getProductWithStockItem(long,long);409;163;1191;11285;
;public org.cocome.tradingsystem.inventory.application.store.StoreWithEnterpriseTO org.cocome.tradingsystem.inventory.application.store.StoreServer.getStore(long);198;200;920;8684;
;public org.cocome.tradingsystem.inventory.application.store.StoreWithEnterpriseTO org.cocome.tradingsystem.inventory.application.store.StoreServer.getStore(long);230;307;1280;10587;
;public org.cocome.tradingsystem.inventory.data.store.IStockItem org.cocome.tradingsystem.inventory.data.store.EnterpriseStoreQueryProvider.queryStockItem(long,long);269;174;1077;10984;
;public org.cocome.tradingsystem.inventory.data.enterprise.IProduct org.cocome.tradingsystem.inventory.data.enterprise.StoreEnterpriseQueryProvider.queryProductByBarcode(long);198;193;1825;12224;
;public void org.cocome.tradingsystem.inventory.application.store.StoreServer.createStockItem(long,org.cocome.tradingsystem.inventory.application.store.ProductWithStockItemTO);227;226;1060;9580;
;public java.util.Set org.cocome.cloud.logic.webservice.cashdeskline.cashdesk.CashDesk.selectPaymentMode(java.lang.String,long,java.lang.String);235;173;1107;10312;
;public void org.cocome.tradingsystem.inventory.data.enterprise.TradingEnterprise.initTradingEnterprise();231;231;1140;11256;
;public void org.cocome.tradingsystem.inventory.application.store.StoreServer.createStockItem(long,org.cocome.tradingsystem.inventory.application.store.ProductWithStockItemTO);262;190;1466;10881;
;public org.cocome.tradingsystem.inventory.application.store.StoreWithEnterpriseTO org.cocome.tradingsystem.inventory.data.store.StoreDatatypesFactory.fillStoreWithEnterpriseTO(org.cocome.tradingsystem.inventory.data.store.IStore);193;194;1167;9100;
;public void org.cocome.tradingsystem.inventory.data.store.Store.initStore();196;176;972;8266;
;public void org.cocome.tradingsystem.inventory.data.store.Store.initStore();192;202;807;7500;
;public java.util.Set org.cocome.cloud.logic.webservice.cashdeskline.cashdesk.CashDesk.startSale(java.lang.String,long);205;185;874;7735;
;public org.cocome.tradingsystem.inventory.data.store.IStockItem org.cocome.tradingsystem.inventory.data.store.EnterpriseStoreQueryProvider.queryStockItem(long,long);170;164;1341;9408;
;public org.cocome.tradingsystem.inventory.data.enterprise.ITradingEnterprise org.cocome.tradingsystem.inventory.data.enterprise.StoreEnterpriseQueryProvider.queryEnterpriseByName(java.lang.String);189;199;957;8042;
;public java.util.Set org.cocome.cloud.logic.webservice.cashdeskline.cashdesk.CashDesk.startSale(java.lang.String,long);201;173;892;7663;
;public org.cocome.tradingsystem.inventory.application.store.StoreWithEnterpriseTO org.cocome.tradingsystem.inventory.data.store.StoreDatatypesFactory.fillStoreWithEnterpriseTO(org.cocome.tradingsystem.inventory.data.store.IStore);193;222;991;7764;
;public org.cocome.tradingsystem.inventory.data.enterprise.ITradingEnterprise org.cocome.tradingsystem.inventory.data.enterprise.StoreEnterpriseQueryProvider.queryEnterpriseByName(java.lang.String);188;162;963;7533;
;public java.util.Set org.cocome.cloud.logic.webservice.cashdeskline.cashdesk.CashDesk.startSale(java.lang.String,long);203;175;1035;7898;
;public org.cocome.tradingsystem.inventory.data.store.IStore org.cocome.tradingsystem.inventory.data.store.EnterpriseStoreQueryProvider.queryStoreById(long);172;178;878;6562;
;public java.util.Set org.cocome.cloud.logic.webservice.cashdeskline.cashdesk.barcodescanner.BarcodeScanner.sendProductBarcode(java.lang.String,long,long);221;188;1030;7855;
;public java.util.Set org.cocome.cloud.logic.webservice.cashdeskline.cashdesk.CashDesk.selectPaymentMode(java.lang.String,long,java.lang.String);169;180;889;6535;
;public void org.cocome.tradingsystem.inventory.data.enterprise.TradingEnterprise.initTradingEnterprise();165;175;1074;7077;
;public org.cocome.tradingsystem.inventory.application.store.StoreWithEnterpriseTO org.cocome.tradingsystem.inventory.application.store.StoreServer.getStore(long);174;144;905;7175;
;public void org.cocome.tradingsystem.inventory.data.store.Store.initStore();183;153;912;6447;
;public void org.cocome.tradingsystem.inventory.data.store.Store.initStore();179;175;871;6486;
;public void org.cocome.tradingsystem.inventory.data.store.Store.initStore();192;160;725;6544;
;public java.util.Set org.cocome.cloud.logic.webservice.cashdeskline.cashdesk.barcodescanner.BarcodeScanner.sendProductBarcode(java.lang.String,long,long);199;184;882;6656;
;public org.cocome.tradingsystem.inventory.application.store.ProductWithStockItemTO org.cocome.tradingsystem.inventory.application.store.StoreServer.getProductWithStockItem(long,long);217;173;773;6514;
;public org.cocome.tradingsystem.inventory.data.store.IStockItem org.cocome.tradingsystem.inventory.data.store.EnterpriseStoreQueryProvider.queryStockItem(long,long);254;165;819;7848;
;public org.cocome.tradingsystem.inventory.application.store.ProductWithStockItemTO org.cocome.tradingsystem.inventory.application.store.StoreServer.getProductWithStockItem(long,long);246;182;1655;10320;
;public org.cocome.tradingsystem.inventory.application.store.ProductWithStockItemTO org.cocome.tradingsystem.inventory.application.store.StoreServer.getProductWithStockItem(long,long);157;176;1045;7085;
;public org.cocome.tradingsystem.inventory.data.enterprise.ITradingEnterprise org.cocome.tradingsystem.inventory.data.enterprise.StoreEnterpriseQueryProvider.queryEnterpriseByName(java.lang.String);193;216;789;6651;
;public java.util.Set org.cocome.cloud.logic.webservice.cashdeskline.cashdesk.CashDesk.finishSale(java.lang.String,long);164;175;939;7046;
;public org.cocome.tradingsystem.inventory.application.store.ProductWithStockItemTO org.cocome.tradingsystem.inventory.application.store.StoreServer.getProductWithStockItem(long,long);169;154;959;6582;
;public org.cocome.tradingsystem.inventory.data.enterprise.IProduct org.cocome.tradingsystem.inventory.data.enterprise.StoreEnterpriseQueryProvider.queryProductByBarcode(long);188;171;948;6862;
;public org.cocome.tradingsystem.inventory.application.store.StoreWithEnterpriseTO org.cocome.tradingsystem.inventory.data.store.StoreDatatypesFactory.fillStoreWithEnterpriseTO(org.cocome.tradingsystem.inventory.data.store.IStore);241;199;888;7138;
;public java.util.Set org.cocome.cloud.logic.webservice.cashdeskline.cashdesk.CashDesk.finishSale(java.lang.String,long);184;164;1494;11375;
;public org.cocome.tradingsystem.inventory.application.store.ProductWithStockItemTO org.cocome.tradingsystem.inventory.application.store.StoreServer.getProductWithStockItem(long,long);211;158;760;6955;
;public java.util.Set org.cocome.cloud.logic.webservice.cashdeskline.cashdesk.CashDesk.selectPaymentMode(java.lang.String,long,java.lang.String);194;163;876;7906;
;public org.cocome.tradingsystem.inventory.data.store.IStore org.cocome.tradingsystem.inventory.data.store.EnterpriseStoreQueryProvider.queryStoreById(long);171;166;792;6929;
;public void org.cocome.tradingsystem.inventory.application.store.StoreServer.createStockItem(long,org.cocome.tradingsystem.inventory.application.store.ProductWithStockItemTO);180;177;826;6628;
;public org.cocome.tradingsystem.inventory.data.store.IStockItem org.cocome.tradingsystem.inventory.data.store.EnterpriseStoreQueryProvider.queryStockItem(long,long);254;180;973;8471;
;public java.util.Set org.cocome.cloud.logic.webservice.cashdeskline.cashdesk.CashDesk.finishSale(java.lang.String,long);187;175;856;7003;
;public org.cocome.tradingsystem.inventory.application.store.StoreWithEnterpriseTO org.cocome.tradingsystem.inventory.data.store.StoreDatatypesFactory.fillStoreWithEnterpriseTO(org.cocome.tradingsystem.inventory.data.store.IStore);173;205;900;7126;
;public org.cocome.tradingsystem.inventory.application.store.ProductWithStockItemTO org.cocome.tradingsystem.inventory.application.store.StoreServer.getProductWithStockItem(long,long);187;168;885;7783;
;public java.util.Set org.cocome.cloud.logic.webservice.cashdeskline.cashdesk.CashDesk.selectPaymentMode(java.lang.String,long,java.lang.String);169;173;788;6480;
;public org.cocome.tradingsystem.inventory.data.enterprise.IProduct org.cocome.tradingsystem.inventory.data.enterprise.StoreEnterpriseQueryProvider.queryProductByBarcode(long);187;177;1025;7696;
;public org.cocome.tradingsystem.inventory.data.enterprise.ITradingEnterprise org.cocome.tradingsystem.inventory.data.enterprise.StoreEnterpriseQueryProvider.queryEnterpriseByName(java.lang.String);177;152;767;7079;
;public org.cocome.tradingsystem.inventory.application.store.StoreWithEnterpriseTO org.cocome.tradingsystem.inventory.application.store.StoreServer.getStore(long);174;199;903;7300;
;public void org.cocome.tradingsystem.inventory.application.store.StoreServer.createStockItem(long,org.cocome.tradingsystem.inventory.application.store.ProductWithStockItemTO);186;171;753;6478;
;public void org.cocome.tradingsystem.inventory.application.store.StoreServer.createStockItem(long,org.cocome.tradingsystem.inventory.application.store.ProductWithStockItemTO);168;155;923;6552;
;public org.cocome.tradingsystem.inventory.application.store.StoreWithEnterpriseTO org.cocome.tradingsystem.inventory.data.store.StoreDatatypesFactory.fillStoreWithEnterpriseTO(org.cocome.tradingsystem.inventory.data.store.IStore);187;173;725;6458;
;public java.util.Set org.cocome.cloud.logic.webservice.cashdeskline.cashdesk.CashDesk.selectPaymentMode(java.lang.String,long,java.lang.String);180;205;770;6412;
;public void org.cocome.tradingsystem.inventory.data.enterprise.TradingEnterprise.initTradingEnterprise();181;195;815;6353;
;public java.util.Set org.cocome.cloud.logic.webservice.cashdeskline.cashdesk.CashDesk.selectPaymentMode(java.lang.String,long,java.lang.String);184;183;916;6283;
;public void org.cocome.cloud.logic.webservice.store.StoreManager.createStockItem(long,org.cocome.tradingsystem.inventory.application.store.ProductWithStockItemTO);176;182;857;6807;
;public java.util.Set org.cocome.cloud.logic.webservice.cashdeskline.cashdesk.CashDesk.finishSale(java.lang.String,long);166;167;915;6121;
;public void org.cocome.tradingsystem.inventory.data.store.Store.initStore();188;206;850;6975;
;public org.cocome.tradingsystem.inventory.data.store.IStore org.cocome.tradingsystem.inventory.data.store.EnterpriseStoreQueryProvider.queryStoreById(long);174;193;938;7003;
;public org.cocome.tradingsystem.inventory.data.enterprise.ITradingEnterprise org.cocome.tradingsystem.inventory.data.enterprise.StoreEnterpriseQueryProvider.queryEnterpriseByName(java.lang.String);223;185;843;8925;
;public org.cocome.tradingsystem.inventory.application.store.ProductWithStockItemTO org.cocome.tradingsystem.inventory.application.store.StoreServer.getProductWithStockItem(long,long);181;172;873;6933;
;public void org.cocome.cloud.logic.webservice.store.StoreManager.createStockItem(long,org.cocome.tradingsystem.inventory.application.store.ProductWithStockItemTO);177;167;821;6120;
;public void org.cocome.cloud.logic.webservice.store.StoreManager.createStockItem(long,org.cocome.tradingsystem.inventory.application.store.ProductWithStockItemTO);194;199;843;6061;
;public org.cocome.tradingsystem.inventory.data.enterprise.IProduct org.cocome.tradingsystem.inventory.data.enterprise.StoreEnterpriseQueryProvider.queryProductByBarcode(long);177;163;718;6040;
;public void org.cocome.tradingsystem.inventory.application.store.StoreServer.createStockItem(long,org.cocome.tradingsystem.inventory.application.store.ProductWithStockItemTO);217;217;875;6203;
;public org.cocome.tradingsystem.inventory.application.store.StoreWithEnterpriseTO org.cocome.tradingsystem.inventory.application.store.StoreServer.getStore(long);159;173;803;6068;
;public void org.cocome.tradingsystem.inventory.application.store.StoreServer.createStockItem(long,org.cocome.tradingsystem.inventory.application.store.ProductWithStockItemTO);172;205;912;6365;
;public void org.cocome.tradingsystem.inventory.data.store.Store.initStore();179;199;860;5996;
;public org.cocome.tradingsystem.inventory.data.store.IStore org.cocome.tradingsystem.inventory.data.store.EnterpriseStoreQueryProvider.queryStoreById(long);173;167;774;6019;
;public void org.cocome.tradingsystem.inventory.application.store.StoreServer.createStockItem(long,org.cocome.tradingsystem.inventory.application.store.ProductWithStockItemTO);190;181;802;6809;
;public org.cocome.tradingsystem.inventory.data.store.IStore org.cocome.tradingsystem.inventory.data.store.EnterpriseStoreQueryProvider.queryStoreById(long);231;168;803;6750;
;public void org.cocome.tradingsystem.inventory.application.store.StoreServer.createStockItem(long,org.cocome.tradingsystem.inventory.application.store.ProductWithStockItemTO);157;161;864;6246;
;public org.cocome.tradingsystem.inventory.application.store.ProductWithStockItemTO org.cocome.tradingsystem.inventory.application.store.StoreServer.getProductWithStockItem(long,long);190;173;869;6251;
;public void org.cocome.cloud.logic.webservice.store.StoreManager.createStockItem(long,org.cocome.tradingsystem.inventory.application.store.ProductWithStockItemTO);169;169;893;6295;
;public org.cocome.tradingsystem.inventory.data.store.IStockItem org.cocome.tradingsystem.inventory.data.store.EnterpriseStoreQueryProvider.queryStockItem(long,long);199;158;804;6206;
;public java.util.Set org.cocome.cloud.logic.webservice.cashdeskline.cashdesk.CashDesk.finishSale(java.lang.String,long);172;142;868;6654;
;public void org.cocome.tradingsystem.inventory.application.store.StoreServer.createStockItem(long,org.cocome.tradingsystem.inventory.application.store.ProductWithStockItemTO);209;169;822;6298;
;public org.cocome.tradingsystem.inventory.data.store.IStockItem org.cocome.tradingsystem.inventory.data.store.EnterpriseStoreQueryProvider.queryStockItem(long,long);205;157;787;5929;
;public org.cocome.tradingsystem.inventory.data.enterprise.IProduct org.cocome.tradingsystem.inventory.data.enterprise.StoreEnterpriseQueryProvider.queryProductByBarcode(long);172;161;850;6217;
;public void org.cocome.tradingsystem.inventory.data.store.Store.initStore();173;139;970;6297;
;public void org.cocome.cloud.logic.webservice.store.StoreManager.createStockItem(long,org.cocome.tradingsystem.inventory.application.store.ProductWithStockItemTO);170;175;797;6180;
;public void org.cocome.cloud.logic.webservice.store.StoreManager.createStockItem(long,org.cocome.tradingsystem.inventory.application.store.ProductWithStockItemTO);192;202;772;6228;
;public org.cocome.tradingsystem.inventory.data.enterprise.ITradingEnterprise org.cocome.tradingsystem.inventory.data.enterprise.StoreEnterpriseQueryProvider.queryEnterpriseByName(java.lang.String);182;160;932;6730;
;public java.util.Set org.cocome.cloud.logic.webservice.cashdeskline.cashdesk.CashDesk.startSale(java.lang.String,long);201;173;801;6850;
;public org.cocome.tradingsystem.inventory.data.enterprise.IProduct org.cocome.tradingsystem.inventory.data.enterprise.StoreEnterpriseQueryProvider.queryProductByBarcode(long);191;188;834;6531;
;public void org.cocome.tradingsystem.inventory.data.enterprise.TradingEnterprise.initTradingEnterprise();172;191;813;6009;
;public org.cocome.tradingsystem.inventory.data.store.IStore org.cocome.tradingsystem.inventory.data.store.EnterpriseStoreQueryProvider.queryStoreById(long);182;176;879;6319;
;public org.cocome.tradingsystem.inventory.data.store.IStore org.cocome.tradingsystem.inventory.data.store.EnterpriseStoreQueryProvider.queryStoreById(long);172;176;798;6626;
;public java.util.Set org.cocome.cloud.logic.webservice.cashdeskline.cashdesk.CashDesk.selectPaymentMode(java.lang.String,long,java.lang.String);196;198;919;6400;
;public org.cocome.tradingsystem.inventory.application.store.ProductWithStockItemTO org.cocome.tradingsystem.inventory.application.store.StoreServer.getProductWithStockItem(long,long);208;179;968;8468;
;public void org.cocome.tradingsystem.inventory.data.store.Store.initStore();241;483;943;8047;
;public java.util.Set org.cocome.cloud.logic.webservice.cashdeskline.cashdesk.CashDesk.selectPaymentMode(java.lang.String,long,java.lang.String);167;164;815;6449;
;public void org.cocome.tradingsystem.inventory.data.store.Store.initStore();184;185;731;6950;
;public org.cocome.tradingsystem.inventory.application.store.StoreWithEnterpriseTO org.cocome.tradingsystem.inventory.application.store.StoreServer.getStore(long);555;194;867;6916;
;public org.cocome.tradingsystem.inventory.data.store.IStore org.cocome.tradingsystem.inventory.data.store.EnterpriseStoreQueryProvider.queryStoreById(long);189;153;862;6171;
;public java.util.Set org.cocome.cloud.logic.webservice.cashdeskline.cashdesk.CashDesk.startSale(java.lang.String,long);173;166;862;6179;
;public org.cocome.tradingsystem.inventory.data.enterprise.IProduct org.cocome.tradingsystem.inventory.data.enterprise.StoreEnterpriseQueryProvider.queryProductByBarcode(long);166;166;753;6404;
