TEntryCall;
;;OperationSignature;elapsed;start;end;
;;public java.util.Set org.cocome.cloud.logic.webservice.cashdeskline.cashdesk.CashDesk.finishSale(java.lang.String,long);1009822;9417012391195455;9417012392205277;
;;public java.util.Set org.cocome.cloud.logic.webservice.cashdeskline.cashdesk.CashDesk.finishSale(java.lang.String,long);12377;9417012395984277;9417012395996654;
;;public org.cocome.tradingsystem.inventory.application.store.ProductWithStockItemTO org.cocome.tradingsystem.inventory.application.store.StoreServer.getProductWithStockItem(long,long);12229;9417012396399975;9417012396412204;
;;public org.cocome.tradingsystem.inventory.application.store.StoreWithEnterpriseTO org.cocome.tradingsystem.inventory.application.store.StoreServer.getStore(long);13031;9417012397016583;9417012397029614;
;;public org.cocome.tradingsystem.inventory.application.store.StoreWithEnterpriseTO org.cocome.tradingsystem.inventory.application.store.StoreServer.getStore(long);12782;9417012398197374;9417012398210156;
;;public org.cocome.tradingsystem.inventory.data.store.IStockItem org.cocome.tradingsystem.inventory.data.store.EnterpriseStoreQueryProvider.queryStockItem(long,long);14637;9417012399481826;9417012399496463;
;;public org.cocome.tradingsystem.inventory.data.enterprise.IProduct org.cocome.tradingsystem.inventory.data.enterprise.StoreEnterpriseQueryProvider.queryProductByBarcode(long);18339;9417012402835960;9417012402854299;
;;public void org.cocome.tradingsystem.inventory.application.store.StoreServer.createStockItem(long,org.cocome.tradingsystem.inventory.application.store.ProductWithStockItemTO);15839;9417012403600721;9417012403616560;
;;public java.util.Set org.cocome.cloud.logic.webservice.cashdeskline.cashdesk.CashDesk.selectPaymentMode(java.lang.String,long,java.lang.String);15813;9417012405520703;9417012405536516;
;;public void org.cocome.tradingsystem.inventory.data.enterprise.TradingEnterprise.initTradingEnterprise();16076;9417012407052816;9417012407068892;
;;public void org.cocome.tradingsystem.inventory.application.store.StoreServer.createStockItem(long,org.cocome.tradingsystem.inventory.application.store.ProductWithStockItemTO);13813;9417012408371605;9417012408385418;
;;public org.cocome.tradingsystem.inventory.application.store.StoreWithEnterpriseTO org.cocome.tradingsystem.inventory.data.store.StoreDatatypesFactory.fillStoreWithEnterpriseTO(org.cocome.tradingsystem.inventory.data.store.IStore);12662;9417012409241963;9417012409254625;
;;public void org.cocome.tradingsystem.inventory.data.store.Store.initStore();11227;9417012409755554;9417012409766781;
;;public void org.cocome.tradingsystem.inventory.data.store.Store.initStore();10960;9417012410206843;9417012410217803;
;;public java.util.Set org.cocome.cloud.logic.webservice.cashdeskline.cashdesk.CashDesk.startSale(java.lang.String,long);10601;9417012410517157;9417012410527758;
;;public org.cocome.tradingsystem.inventory.data.store.IStockItem org.cocome.tradingsystem.inventory.data.store.EnterpriseStoreQueryProvider.queryStockItem(long,long);13043;9417012413822822;9417012413835865;
;;public org.cocome.tradingsystem.inventory.data.enterprise.ITradingEnterprise org.cocome.tradingsystem.inventory.data.enterprise.StoreEnterpriseQueryProvider.queryEnterpriseByName(java.lang.String);11952;9417012414732618;9417012414744570;
;;public java.util.Set org.cocome.cloud.logic.webservice.cashdeskline.cashdesk.CashDesk.startSale(java.lang.String,long);10634;9417012415146454;9417012415157088;
;;public org.cocome.tradingsystem.inventory.application.store.StoreWithEnterpriseTO org.cocome.tradingsystem.inventory.data.store.StoreDatatypesFactory.fillStoreWithEnterpriseTO(org.cocome.tradingsystem.inventory.data.store.IStore);13233;9417012415476522;9417012415489755;
;;public org.cocome.tradingsystem.inventory.data.enterprise.ITradingEnterprise org.cocome.tradingsystem.inventory.data.enterprise.StoreEnterpriseQueryProvider.queryEnterpriseByName(java.lang.String);9066;9417012415901233;9417012415910299;
;;public java.util.Set org.cocome.cloud.logic.webservice.cashdeskline.cashdesk.CashDesk.startSale(java.lang.String,long);9162;9417012416257446;9417012416266608;
;;public org.cocome.tradingsystem.inventory.data.store.IStore org.cocome.tradingsystem.inventory.data.store.EnterpriseStoreQueryProvider.queryStoreById(long);12067;9417012416552672;9417012416564739;
;;public java.util.Set org.cocome.cloud.logic.webservice.cashdeskline.cashdesk.barcodescanner.BarcodeScanner.sendProductBarcode(java.lang.String,long,long);13449;9417012419002104;9417012419015553;
;;public java.util.Set org.cocome.cloud.logic.webservice.cashdeskline.cashdesk.CashDesk.selectPaymentMode(java.lang.String,long,java.lang.String);8021;9417012419625416;9417012419633437;
;;public void org.cocome.tradingsystem.inventory.data.enterprise.TradingEnterprise.initTradingEnterprise();8197;9417012419966154;9417012419974351;
;;public org.cocome.tradingsystem.inventory.application.store.StoreWithEnterpriseTO org.cocome.tradingsystem.inventory.application.store.StoreServer.getStore(long);10474;9417012420341802;9417012420352276;
;;public void org.cocome.tradingsystem.inventory.data.store.Store.initStore();7301;9417012420643361;9417012420650662;
;;public void org.cocome.tradingsystem.inventory.data.store.Store.initStore();7392;9417012420922494;9417012420929886;
;;public void org.cocome.tradingsystem.inventory.data.store.Store.initStore();7361;9417012421202780;9417012421210141;
;;public java.util.Set org.cocome.cloud.logic.webservice.cashdeskline.cashdesk.barcodescanner.BarcodeScanner.sendProductBarcode(java.lang.String,long,long);7648;9417012421576257;9417012421583905;
;;public org.cocome.tradingsystem.inventory.application.store.ProductWithStockItemTO org.cocome.tradingsystem.inventory.application.store.StoreServer.getProductWithStockItem(long,long);7467;9417012421875821;9417012421883288;
;;public org.cocome.tradingsystem.inventory.data.store.IStockItem org.cocome.tradingsystem.inventory.data.store.EnterpriseStoreQueryProvider.queryStockItem(long,long);9844;9417012422157145;9417012422166989;
;;public org.cocome.tradingsystem.inventory.application.store.ProductWithStockItemTO org.cocome.tradingsystem.inventory.application.store.StoreServer.getProductWithStockItem(long,long);10921;9417012484483263;9417012484494184;
;;public org.cocome.tradingsystem.inventory.application.store.ProductWithStockItemTO org.cocome.tradingsystem.inventory.application.store.StoreServer.getProductWithStockItem(long,long);7782;9417012484904206;9417012484911988;
;;public org.cocome.tradingsystem.inventory.data.enterprise.ITradingEnterprise org.cocome.tradingsystem.inventory.data.enterprise.StoreEnterpriseQueryProvider.queryEnterpriseByName(java.lang.String);6979;9417012485164422;9417012485171401;
;;public java.util.Set org.cocome.cloud.logic.webservice.cashdeskline.cashdesk.CashDesk.finishSale(java.lang.String,long);7237;9417012485433641;9417012485440878;
;;public org.cocome.tradingsystem.inventory.application.store.ProductWithStockItemTO org.cocome.tradingsystem.inventory.application.store.StoreServer.getProductWithStockItem(long,long);6665;9417012485712969;9417012485719634;
;;public org.cocome.tradingsystem.inventory.data.enterprise.IProduct org.cocome.tradingsystem.inventory.data.enterprise.StoreEnterpriseQueryProvider.queryProductByBarcode(long);7932;9417012485989535;9417012485997467;
;;public org.cocome.tradingsystem.inventory.application.store.StoreWithEnterpriseTO org.cocome.tradingsystem.inventory.data.store.StoreDatatypesFactory.fillStoreWithEnterpriseTO(org.cocome.tradingsystem.inventory.data.store.IStore);6843;9417012486252317;9417012486259160;
;;public java.util.Set org.cocome.cloud.logic.webservice.cashdeskline.cashdesk.CashDesk.finishSale(java.lang.String,long);9187;9417012487843518;9417012487852705;
;;public org.cocome.tradingsystem.inventory.application.store.ProductWithStockItemTO org.cocome.tradingsystem.inventory.application.store.StoreServer.getProductWithStockItem(long,long);9319;9417012489361121;9417012489370440;
;;public java.util.Set org.cocome.cloud.logic.webservice.cashdeskline.cashdesk.CashDesk.selectPaymentMode(java.lang.String,long,java.lang.String);7534;9417012489656546;9417012489664080;
;;public org.cocome.tradingsystem.inventory.data.store.IStore org.cocome.tradingsystem.inventory.data.store.EnterpriseStoreQueryProvider.queryStoreById(long);45388;9417012490003714;9417012490049102;
;;public void org.cocome.tradingsystem.inventory.application.store.StoreServer.createStockItem(long,org.cocome.tradingsystem.inventory.application.store.ProductWithStockItemTO);6970;9417012490299669;9417012490306639;
;;public org.cocome.tradingsystem.inventory.data.store.IStockItem org.cocome.tradingsystem.inventory.data.store.EnterpriseStoreQueryProvider.queryStockItem(long,long);7114;9417012490556250;9417012490563364;
;;public java.util.Set org.cocome.cloud.logic.webservice.cashdeskline.cashdesk.CashDesk.finishSale(java.lang.String,long);6924;9417012490804308;9417012490811232;
;;public org.cocome.tradingsystem.inventory.application.store.StoreWithEnterpriseTO org.cocome.tradingsystem.inventory.data.store.StoreDatatypesFactory.fillStoreWithEnterpriseTO(org.cocome.tradingsystem.inventory.data.store.IStore);7349;9417012491596907;9417012491604256;
;;public org.cocome.tradingsystem.inventory.application.store.ProductWithStockItemTO org.cocome.tradingsystem.inventory.application.store.StoreServer.getProductWithStockItem(long,long);7082;9417012491935545;9417012491942627;
;;public java.util.Set org.cocome.cloud.logic.webservice.cashdeskline.cashdesk.CashDesk.selectPaymentMode(java.lang.String,long,java.lang.String);6778;9417012492194265;9417012492201043;
;;public org.cocome.tradingsystem.inventory.data.enterprise.IProduct org.cocome.tradingsystem.inventory.data.enterprise.StoreEnterpriseQueryProvider.queryProductByBarcode(long);8421;9417012493187240;9417012493195661;
;;public org.cocome.tradingsystem.inventory.data.enterprise.ITradingEnterprise org.cocome.tradingsystem.inventory.data.enterprise.StoreEnterpriseQueryProvider.queryEnterpriseByName(java.lang.String);6796;9417012493462713;9417012493469509;
;;public org.cocome.tradingsystem.inventory.application.store.StoreWithEnterpriseTO org.cocome.tradingsystem.inventory.application.store.StoreServer.getStore(long);6559;9417012493684310;9417012493690869;
;;public void org.cocome.tradingsystem.inventory.application.store.StoreServer.createStockItem(long,org.cocome.tradingsystem.inventory.application.store.ProductWithStockItemTO);6781;9417012493920373;9417012493927154;
;;public void org.cocome.tradingsystem.inventory.application.store.StoreServer.createStockItem(long,org.cocome.tradingsystem.inventory.application.store.ProductWithStockItemTO);7112;9417012494137985;9417012494145097;
;;public org.cocome.tradingsystem.inventory.application.store.StoreWithEnterpriseTO org.cocome.tradingsystem.inventory.data.store.StoreDatatypesFactory.fillStoreWithEnterpriseTO(org.cocome.tradingsystem.inventory.data.store.IStore);6597;9417012494353384;9417012494359981;
;;public java.util.Set org.cocome.cloud.logic.webservice.cashdeskline.cashdesk.CashDesk.selectPaymentMode(java.lang.String,long,java.lang.String);6752;9417012494566385;9417012494573137;
;;public void org.cocome.tradingsystem.inventory.data.enterprise.TradingEnterprise.initTradingEnterprise();6504;9417012494786777;9417012494793281;
;;public java.util.Set org.cocome.cloud.logic.webservice.cashdeskline.cashdesk.CashDesk.selectPaymentMode(java.lang.String,long,java.lang.String);6921;9417012495023710;9417012495030631;
;;public void org.cocome.cloud.logic.webservice.store.StoreManager.createStockItem(long,org.cocome.tradingsystem.inventory.application.store.ProductWithStockItemTO);7065;9417012495272624;9417012495279689;
;;public java.util.Set org.cocome.cloud.logic.webservice.cashdeskline.cashdesk.CashDesk.finishSale(java.lang.String,long);7399;9417012495715471;9417012495722870;
;;public void org.cocome.tradingsystem.inventory.data.store.Store.initStore();7208;9417012496287318;9417012496294526;
;;public org.cocome.tradingsystem.inventory.data.store.IStore org.cocome.tradingsystem.inventory.data.store.EnterpriseStoreQueryProvider.queryStoreById(long);7374;9417012497348632;9417012497356006;
;;public org.cocome.tradingsystem.inventory.data.enterprise.ITradingEnterprise org.cocome.tradingsystem.inventory.data.enterprise.StoreEnterpriseQueryProvider.queryEnterpriseByName(java.lang.String);6992;9417012497573978;9417012497580970;
;;public org.cocome.tradingsystem.inventory.application.store.ProductWithStockItemTO org.cocome.tradingsystem.inventory.application.store.StoreServer.getProductWithStockItem(long,long);8518;9417012497789256;9417012497797774;
;;public void org.cocome.cloud.logic.webservice.store.StoreManager.createStockItem(long,org.cocome.tradingsystem.inventory.application.store.ProductWithStockItemTO);6540;9417012498015176;9417012498021716;
;;public void org.cocome.cloud.logic.webservice.store.StoreManager.createStockItem(long,org.cocome.tradingsystem.inventory.application.store.ProductWithStockItemTO);6700;9417012498219508;9417012498226208;
;;public org.cocome.tradingsystem.inventory.data.enterprise.IProduct org.cocome.tradingsystem.inventory.data.enterprise.StoreEnterpriseQueryProvider.queryProductByBarcode(long);6754;9417012498426222;9417012498432976;
;;public void org.cocome.tradingsystem.inventory.application.store.StoreServer.createStockItem(long,org.cocome.tradingsystem.inventory.application.store.ProductWithStockItemTO);6629;9417012498633839;9417012498640468;
;;public org.cocome.tradingsystem.inventory.application.store.StoreWithEnterpriseTO org.cocome.tradingsystem.inventory.application.store.StoreServer.getStore(long);6819;9417012498841693;9417012498848512;
;;public void org.cocome.tradingsystem.inventory.application.store.StoreServer.createStockItem(long,org.cocome.tradingsystem.inventory.application.store.ProductWithStockItemTO);6954;9417012499137819;9417012499144773;
;;public void org.cocome.tradingsystem.inventory.data.store.Store.initStore();6546;9417012499343036;9417012499349582;
;;public org.cocome.tradingsystem.inventory.data.store.IStore org.cocome.tradingsystem.inventory.data.store.EnterpriseStoreQueryProvider.queryStoreById(long);6530;9417012499546854;9417012499553384;
;;public void org.cocome.tradingsystem.inventory.application.store.StoreServer.createStockItem(long,org.cocome.tradingsystem.inventory.application.store.ProductWithStockItemTO);6853;9417012499759106;9417012499765959;
;;public org.cocome.tradingsystem.inventory.data.store.IStore org.cocome.tradingsystem.inventory.data.store.EnterpriseStoreQueryProvider.queryStoreById(long);6954;9417012499966116;9417012499973070;
;;public void org.cocome.tradingsystem.inventory.application.store.StoreServer.createStockItem(long,org.cocome.tradingsystem.inventory.application.store.ProductWithStockItemTO);6797;9417012500194270;9417012500201067;
;;public org.cocome.tradingsystem.inventory.application.store.ProductWithStockItemTO org.cocome.tradingsystem.inventory.application.store.StoreServer.getProductWithStockItem(long,long);6945;9417012500406652;9417012500413597;
;;public void org.cocome.cloud.logic.webservice.store.StoreManager.createStockItem(long,org.cocome.tradingsystem.inventory.application.store.ProductWithStockItemTO);7739;9417012501180622;9417012501188361;
;;public org.cocome.tradingsystem.inventory.data.store.IStockItem org.cocome.tradingsystem.inventory.data.store.EnterpriseStoreQueryProvider.queryStockItem(long,long);7126;9417012501422496;9417012501429622;
;;public java.util.Set org.cocome.cloud.logic.webservice.cashdeskline.cashdesk.CashDesk.finishSale(java.lang.String,long);6748;9417012501640563;9417012501647311;
;;public void org.cocome.tradingsystem.inventory.application.store.StoreServer.createStockItem(long,org.cocome.tradingsystem.inventory.application.store.ProductWithStockItemTO);7423;9417012501931356;9417012501938779;
;;public org.cocome.tradingsystem.inventory.data.store.IStockItem org.cocome.tradingsystem.inventory.data.store.EnterpriseStoreQueryProvider.queryStockItem(long,long);6838;9417012502141093;9417012502147931;
;;public org.cocome.tradingsystem.inventory.data.enterprise.IProduct org.cocome.tradingsystem.inventory.data.enterprise.StoreEnterpriseQueryProvider.queryProductByBarcode(long);8702;9417012502346378;9417012502355080;
;;public void org.cocome.tradingsystem.inventory.data.store.Store.initStore();6752;9417012502556663;9417012502563415;
;;public void org.cocome.cloud.logic.webservice.store.StoreManager.createStockItem(long,org.cocome.tradingsystem.inventory.application.store.ProductWithStockItemTO);7187;9417012502780586;9417012502787773;
;;public void org.cocome.cloud.logic.webservice.store.StoreManager.createStockItem(long,org.cocome.tradingsystem.inventory.application.store.ProductWithStockItemTO);6787;9417012502985705;9417012502992492;
;;public org.cocome.tradingsystem.inventory.data.enterprise.ITradingEnterprise org.cocome.tradingsystem.inventory.data.enterprise.StoreEnterpriseQueryProvider.queryEnterpriseByName(java.lang.String);7978;9417012504300917;9417012504308895;
;;public java.util.Set org.cocome.cloud.logic.webservice.cashdeskline.cashdesk.CashDesk.startSale(java.lang.String,long);6878;9417012504521718;9417012504528596;
;;public org.cocome.tradingsystem.inventory.data.enterprise.IProduct org.cocome.tradingsystem.inventory.data.enterprise.StoreEnterpriseQueryProvider.queryProductByBarcode(long);6882;9417012504772612;9417012504779494;
;;public void org.cocome.tradingsystem.inventory.data.enterprise.TradingEnterprise.initTradingEnterprise();6749;9417012504984148;9417012504990897;
;;public org.cocome.tradingsystem.inventory.data.store.IStore org.cocome.tradingsystem.inventory.data.store.EnterpriseStoreQueryProvider.queryStoreById(long);7315;9417012505274896;9417012505282211;
;;public org.cocome.tradingsystem.inventory.data.store.IStore org.cocome.tradingsystem.inventory.data.store.EnterpriseStoreQueryProvider.queryStoreById(long);6660;9417012505488019;9417012505494679;
;;public java.util.Set org.cocome.cloud.logic.webservice.cashdeskline.cashdesk.CashDesk.selectPaymentMode(java.lang.String,long,java.lang.String);6802;9417012505692264;9417012505699066;
;;public org.cocome.tradingsystem.inventory.application.store.ProductWithStockItemTO org.cocome.tradingsystem.inventory.application.store.StoreServer.getProductWithStockItem(long,long);8670;9417012506128926;9417012506137596;
;;public void org.cocome.tradingsystem.inventory.data.store.Store.initStore();8455;9417012506381798;9417012506390253;
;;public java.util.Set org.cocome.cloud.logic.webservice.cashdeskline.cashdesk.CashDesk.selectPaymentMode(java.lang.String,long,java.lang.String);7170;9417012506631832;9417012506639002;
;;public void org.cocome.tradingsystem.inventory.data.store.Store.initStore();9206;9417012506844333;9417012506853539;
;;public org.cocome.tradingsystem.inventory.application.store.StoreWithEnterpriseTO org.cocome.tradingsystem.inventory.application.store.StoreServer.getStore(long);7393;9417012507060458;9417012507067851;
;;public org.cocome.tradingsystem.inventory.data.store.IStore org.cocome.tradingsystem.inventory.data.store.EnterpriseStoreQueryProvider.queryStoreById(long);6821;9417012507289484;9417012507296305;
;;public java.util.Set org.cocome.cloud.logic.webservice.cashdeskline.cashdesk.CashDesk.startSale(java.lang.String,long);6642;9417012507495043;9417012507501685;
;;public org.cocome.tradingsystem.inventory.data.enterprise.IProduct org.cocome.tradingsystem.inventory.data.enterprise.StoreEnterpriseQueryProvider.queryProductByBarcode(long);6909;9417012507792223;9417012507799132;
