TEntryCall;
;;OperationSignature;elapsed;start;end;
;;public java.util.Set org.cocome.cloud.logic.webservice.cashdeskline.cashdesk.CashDesk.finishSale(java.lang.String,long);686612;9418147517367773;9418147518054385;
;;public java.util.Set org.cocome.cloud.logic.webservice.cashdeskline.cashdesk.CashDesk.finishSale(java.lang.String,long);239709;9418147523323152;9418147523562861;
;;public org.cocome.tradingsystem.inventory.application.store.ProductWithStockItemTO org.cocome.tradingsystem.inventory.application.store.StoreServer.getProductWithStockItem(long,long);13035;9418147524066283;9418147524079318;
;;public org.cocome.tradingsystem.inventory.application.store.StoreWithEnterpriseTO org.cocome.tradingsystem.inventory.application.store.StoreServer.getStore(long);12881;9418147524762286;9418147524775167;
;;public org.cocome.tradingsystem.inventory.application.store.StoreWithEnterpriseTO org.cocome.tradingsystem.inventory.application.store.StoreServer.getStore(long);12136;9418147525265965;9418147525278101;
;;public org.cocome.tradingsystem.inventory.data.store.IStockItem org.cocome.tradingsystem.inventory.data.store.EnterpriseStoreQueryProvider.queryStockItem(long,long);12165;9418147525635683;9418147525647848;
;;public org.cocome.tradingsystem.inventory.data.enterprise.IProduct org.cocome.tradingsystem.inventory.data.enterprise.StoreEnterpriseQueryProvider.queryProductByBarcode(long);12484;9418147526153650;9418147526166134;
;;public void org.cocome.tradingsystem.inventory.application.store.StoreServer.createStockItem(long,org.cocome.tradingsystem.inventory.application.store.ProductWithStockItemTO);12575;9418147526678482;9418147526691057;
;;public java.util.Set org.cocome.cloud.logic.webservice.cashdeskline.cashdesk.CashDesk.selectPaymentMode(java.lang.String,long,java.lang.String);12312;9418147527139107;9418147527151419;
;;public void org.cocome.tradingsystem.inventory.data.enterprise.TradingEnterprise.initTradingEnterprise();12434;9418147527762777;9418147527775211;
;;public void org.cocome.tradingsystem.inventory.application.store.StoreServer.createStockItem(long,org.cocome.tradingsystem.inventory.application.store.ProductWithStockItemTO);12377;9418147528234367;9418147528246744;
;;public org.cocome.tradingsystem.inventory.application.store.StoreWithEnterpriseTO org.cocome.tradingsystem.inventory.data.store.StoreDatatypesFactory.fillStoreWithEnterpriseTO(org.cocome.tradingsystem.inventory.data.store.IStore);10832;9418147528588204;9418147528599036;
;;public void org.cocome.tradingsystem.inventory.data.store.Store.initStore();10513;9418147529003392;9418147529013905;
;;public void org.cocome.tradingsystem.inventory.data.store.Store.initStore();10583;9418147529420377;9418147529430960;
;;public java.util.Set org.cocome.cloud.logic.webservice.cashdeskline.cashdesk.CashDesk.startSale(java.lang.String,long);10421;9418147529729619;9418147529740040;
;;public org.cocome.tradingsystem.inventory.data.store.IStockItem org.cocome.tradingsystem.inventory.data.store.EnterpriseStoreQueryProvider.queryStockItem(long,long);12490;9418147531299571;9418147531312061;
;;public org.cocome.tradingsystem.inventory.data.enterprise.ITradingEnterprise org.cocome.tradingsystem.inventory.data.enterprise.StoreEnterpriseQueryProvider.queryEnterpriseByName(java.lang.String);11087;9418147532185489;9418147532196576;
;;public java.util.Set org.cocome.cloud.logic.webservice.cashdeskline.cashdesk.CashDesk.startSale(java.lang.String,long);10624;9418147532605997;9418147532616621;
;;public org.cocome.tradingsystem.inventory.application.store.StoreWithEnterpriseTO org.cocome.tradingsystem.inventory.data.store.StoreDatatypesFactory.fillStoreWithEnterpriseTO(org.cocome.tradingsystem.inventory.data.store.IStore);15396;9418147532939558;9418147532954954;
;;public org.cocome.tradingsystem.inventory.data.enterprise.ITradingEnterprise org.cocome.tradingsystem.inventory.data.enterprise.StoreEnterpriseQueryProvider.queryEnterpriseByName(java.lang.String);9302;9418147533395681;9418147533404983;
;;public java.util.Set org.cocome.cloud.logic.webservice.cashdeskline.cashdesk.CashDesk.startSale(java.lang.String,long);9363;9418147533831520;9418147533840883;
;;public org.cocome.tradingsystem.inventory.data.store.IStore org.cocome.tradingsystem.inventory.data.store.EnterpriseStoreQueryProvider.queryStoreById(long);26295;9418147534147020;9418147534173315;
;;public java.util.Set org.cocome.cloud.logic.webservice.cashdeskline.cashdesk.barcodescanner.BarcodeScanner.sendProductBarcode(java.lang.String,long,long);7734;9418147534565048;9418147534572782;
;;public java.util.Set org.cocome.cloud.logic.webservice.cashdeskline.cashdesk.CashDesk.selectPaymentMode(java.lang.String,long,java.lang.String);7652;9418147534938238;9418147534945890;
;;public void org.cocome.tradingsystem.inventory.data.enterprise.TradingEnterprise.initTradingEnterprise();7705;9418147535224709;9418147535232414;
;;public org.cocome.tradingsystem.inventory.application.store.StoreWithEnterpriseTO org.cocome.tradingsystem.inventory.application.store.StoreServer.getStore(long);23609;9418147535568064;9418147535591673;
;;public void org.cocome.tradingsystem.inventory.data.store.Store.initStore();7436;9418147535916893;9418147535924329;
;;public void org.cocome.tradingsystem.inventory.data.store.Store.initStore();7828;9418147536251433;9418147536259261;
;;public void org.cocome.tradingsystem.inventory.data.store.Store.initStore();7969;9418147536561635;9418147536569604;
;;public java.util.Set org.cocome.cloud.logic.webservice.cashdeskline.cashdesk.barcodescanner.BarcodeScanner.sendProductBarcode(java.lang.String,long,long);8021;9418147536966356;9418147536974377;
;;public org.cocome.tradingsystem.inventory.application.store.ProductWithStockItemTO org.cocome.tradingsystem.inventory.application.store.StoreServer.getProductWithStockItem(long,long);7754;9418147537260896;9418147537268650;
;;public org.cocome.tradingsystem.inventory.data.store.IStockItem org.cocome.tradingsystem.inventory.data.store.EnterpriseStoreQueryProvider.queryStockItem(long,long);10000;9418147537548695;9418147537558695;
;;public org.cocome.tradingsystem.inventory.application.store.ProductWithStockItemTO org.cocome.tradingsystem.inventory.application.store.StoreServer.getProductWithStockItem(long,long);9231;9418147541479933;9418147541489164;
;;public org.cocome.tradingsystem.inventory.application.store.ProductWithStockItemTO org.cocome.tradingsystem.inventory.application.store.StoreServer.getProductWithStockItem(long,long);9166;9418147541970396;9418147541979562;
;;public org.cocome.tradingsystem.inventory.data.enterprise.ITradingEnterprise org.cocome.tradingsystem.inventory.data.enterprise.StoreEnterpriseQueryProvider.queryEnterpriseByName(java.lang.String);8215;9418147542274436;9418147542282651;
;;public java.util.Set org.cocome.cloud.logic.webservice.cashdeskline.cashdesk.CashDesk.finishSale(java.lang.String,long);7825;9418147542592078;9418147542599903;
;;public org.cocome.tradingsystem.inventory.application.store.ProductWithStockItemTO org.cocome.tradingsystem.inventory.application.store.StoreServer.getProductWithStockItem(long,long);7730;9418147542932267;9418147542939997;
;;public org.cocome.tradingsystem.inventory.data.enterprise.IProduct org.cocome.tradingsystem.inventory.data.enterprise.StoreEnterpriseQueryProvider.queryProductByBarcode(long);8366;9418147543233787;9418147543242153;
;;public org.cocome.tradingsystem.inventory.application.store.StoreWithEnterpriseTO org.cocome.tradingsystem.inventory.data.store.StoreDatatypesFactory.fillStoreWithEnterpriseTO(org.cocome.tradingsystem.inventory.data.store.IStore);7500;9418147543524987;9418147543532487;
;;public java.util.Set org.cocome.cloud.logic.webservice.cashdeskline.cashdesk.CashDesk.finishSale(java.lang.String,long);8520;9418147544062969;9418147544071489;
;;public org.cocome.tradingsystem.inventory.application.store.ProductWithStockItemTO org.cocome.tradingsystem.inventory.application.store.StoreServer.getProductWithStockItem(long,long);11551;9418147544395441;9418147544406992;
;;public java.util.Set org.cocome.cloud.logic.webservice.cashdeskline.cashdesk.CashDesk.selectPaymentMode(java.lang.String,long,java.lang.String);8372;9418147544746207;9418147544754579;
;;public org.cocome.tradingsystem.inventory.data.store.IStore org.cocome.tradingsystem.inventory.data.store.EnterpriseStoreQueryProvider.queryStoreById(long);8516;9418147545130198;9418147545138714;
;;public void org.cocome.tradingsystem.inventory.application.store.StoreServer.createStockItem(long,org.cocome.tradingsystem.inventory.application.store.ProductWithStockItemTO);26165;9418147545505171;9418147545531336;
;;public org.cocome.tradingsystem.inventory.data.store.IStockItem org.cocome.tradingsystem.inventory.data.store.EnterpriseStoreQueryProvider.queryStockItem(long,long);8159;9418147545964646;9418147545972805;
;;public java.util.Set org.cocome.cloud.logic.webservice.cashdeskline.cashdesk.CashDesk.finishSale(java.lang.String,long);7992;9418147546242790;9418147546250782;
;;public org.cocome.tradingsystem.inventory.application.store.StoreWithEnterpriseTO org.cocome.tradingsystem.inventory.data.store.StoreDatatypesFactory.fillStoreWithEnterpriseTO(org.cocome.tradingsystem.inventory.data.store.IStore);8428;9418147546982107;9418147546990535;
;;public org.cocome.tradingsystem.inventory.application.store.ProductWithStockItemTO org.cocome.tradingsystem.inventory.application.store.StoreServer.getProductWithStockItem(long,long);7764;9418147547287464;9418147547295228;
;;public java.util.Set org.cocome.cloud.logic.webservice.cashdeskline.cashdesk.CashDesk.selectPaymentMode(java.lang.String,long,java.lang.String);7753;9418147547567537;9418147547575290;
;;public org.cocome.tradingsystem.inventory.data.enterprise.IProduct org.cocome.tradingsystem.inventory.data.enterprise.StoreEnterpriseQueryProvider.queryProductByBarcode(long);7996;9418147547950298;9418147547958294;
;;public org.cocome.tradingsystem.inventory.data.enterprise.ITradingEnterprise org.cocome.tradingsystem.inventory.data.enterprise.StoreEnterpriseQueryProvider.queryEnterpriseByName(java.lang.String);7696;9418147548243400;9418147548251096;
;;public org.cocome.tradingsystem.inventory.application.store.StoreWithEnterpriseTO org.cocome.tradingsystem.inventory.application.store.StoreServer.getStore(long);7582;9418147548490142;9418147548497724;
;;public void org.cocome.tradingsystem.inventory.application.store.StoreServer.createStockItem(long,org.cocome.tradingsystem.inventory.application.store.ProductWithStockItemTO);7694;9418147548737135;9418147548744829;
;;public void org.cocome.tradingsystem.inventory.application.store.StoreServer.createStockItem(long,org.cocome.tradingsystem.inventory.application.store.ProductWithStockItemTO);7993;9418147548985264;9418147548993257;
;;public org.cocome.tradingsystem.inventory.application.store.StoreWithEnterpriseTO org.cocome.tradingsystem.inventory.data.store.StoreDatatypesFactory.fillStoreWithEnterpriseTO(org.cocome.tradingsystem.inventory.data.store.IStore);8082;9418147549261852;9418147549269934;
;;public java.util.Set org.cocome.cloud.logic.webservice.cashdeskline.cashdesk.CashDesk.selectPaymentMode(java.lang.String,long,java.lang.String);7868;9418147549510100;9418147549517968;
;;public void org.cocome.tradingsystem.inventory.data.enterprise.TradingEnterprise.initTradingEnterprise();7528;9418147549757999;9418147549765527;
;;public java.util.Set org.cocome.cloud.logic.webservice.cashdeskline.cashdesk.CashDesk.selectPaymentMode(java.lang.String,long,java.lang.String);7972;9418147550013078;9418147550021050;
;;public void org.cocome.cloud.logic.webservice.store.StoreManager.createStockItem(long,org.cocome.tradingsystem.inventory.application.store.ProductWithStockItemTO);8069;9418147550263370;9418147550271439;
;;public java.util.Set org.cocome.cloud.logic.webservice.cashdeskline.cashdesk.CashDesk.finishSale(java.lang.String,long);13048;9418147550842655;9418147550855703;
;;public void org.cocome.tradingsystem.inventory.data.store.Store.initStore();7605;9418147551122650;9418147551130255;
;;public org.cocome.tradingsystem.inventory.data.store.IStore org.cocome.tradingsystem.inventory.data.store.EnterpriseStoreQueryProvider.queryStoreById(long);8340;9418147551780169;9418147551788509;
;;public org.cocome.tradingsystem.inventory.data.enterprise.ITradingEnterprise org.cocome.tradingsystem.inventory.data.enterprise.StoreEnterpriseQueryProvider.queryEnterpriseByName(java.lang.String);8286;9418147552110490;9418147552118776;
;;public org.cocome.tradingsystem.inventory.application.store.ProductWithStockItemTO org.cocome.tradingsystem.inventory.application.store.StoreServer.getProductWithStockItem(long,long);9985;9418147552368390;9418147552378375;
;;public void org.cocome.cloud.logic.webservice.store.StoreManager.createStockItem(long,org.cocome.tradingsystem.inventory.application.store.ProductWithStockItemTO);7511;9418147552632668;9418147552640179;
;;public void org.cocome.cloud.logic.webservice.store.StoreManager.createStockItem(long,org.cocome.tradingsystem.inventory.application.store.ProductWithStockItemTO);7662;9418147552873574;9418147552881236;
;;public org.cocome.tradingsystem.inventory.data.enterprise.IProduct org.cocome.tradingsystem.inventory.data.enterprise.StoreEnterpriseQueryProvider.queryProductByBarcode(long);7695;9418147553115026;9418147553122721;
;;public void org.cocome.tradingsystem.inventory.application.store.StoreServer.createStockItem(long,org.cocome.tradingsystem.inventory.application.store.ProductWithStockItemTO);7688;9418147553360035;9418147553367723;
;;public org.cocome.tradingsystem.inventory.application.store.StoreWithEnterpriseTO org.cocome.tradingsystem.inventory.application.store.StoreServer.getStore(long);7840;9418147553610733;9418147553618573;
;;public void org.cocome.tradingsystem.inventory.application.store.StoreServer.createStockItem(long,org.cocome.tradingsystem.inventory.application.store.ProductWithStockItemTO);7998;9418147553967670;9418147553975668;
;;public void org.cocome.tradingsystem.inventory.data.store.Store.initStore();7804;9418147554214938;9418147554222742;
;;public org.cocome.tradingsystem.inventory.data.store.IStore org.cocome.tradingsystem.inventory.data.store.EnterpriseStoreQueryProvider.queryStoreById(long);7616;9418147554475300;9418147554482916;
;;public void org.cocome.tradingsystem.inventory.application.store.StoreServer.createStockItem(long,org.cocome.tradingsystem.inventory.application.store.ProductWithStockItemTO);7955;9418147554717006;9418147554724961;
;;public org.cocome.tradingsystem.inventory.data.store.IStore org.cocome.tradingsystem.inventory.data.store.EnterpriseStoreQueryProvider.queryStoreById(long);10612;9418147556137711;9418147556148323;
;;public void org.cocome.tradingsystem.inventory.application.store.StoreServer.createStockItem(long,org.cocome.tradingsystem.inventory.application.store.ProductWithStockItemTO);7028;9418147556413485;9418147556420513;
;;public org.cocome.tradingsystem.inventory.application.store.ProductWithStockItemTO org.cocome.tradingsystem.inventory.application.store.StoreServer.getProductWithStockItem(long,long);7099;9418147556631810;9418147556638909;
;;public void org.cocome.cloud.logic.webservice.store.StoreManager.createStockItem(long,org.cocome.tradingsystem.inventory.application.store.ProductWithStockItemTO);7220;9418147557235003;9418147557242223;
;;public org.cocome.tradingsystem.inventory.data.store.IStockItem org.cocome.tradingsystem.inventory.data.store.EnterpriseStoreQueryProvider.queryStockItem(long,long);6815;9418147557448496;9418147557455311;
;;public java.util.Set org.cocome.cloud.logic.webservice.cashdeskline.cashdesk.CashDesk.finishSale(java.lang.String,long);7053;9418147557661326;9418147557668379;
;;public void org.cocome.tradingsystem.inventory.application.store.StoreServer.createStockItem(long,org.cocome.tradingsystem.inventory.application.store.ProductWithStockItemTO);7360;9418147557953138;9418147557960498;
;;public org.cocome.tradingsystem.inventory.data.store.IStockItem org.cocome.tradingsystem.inventory.data.store.EnterpriseStoreQueryProvider.queryStockItem(long,long);7164;9418147558165101;9418147558172265;
;;public org.cocome.tradingsystem.inventory.data.enterprise.IProduct org.cocome.tradingsystem.inventory.data.enterprise.StoreEnterpriseQueryProvider.queryProductByBarcode(long);16600;9418147558370234;9418147558386834;
;;public void org.cocome.tradingsystem.inventory.data.store.Store.initStore();6749;9418147558592985;9418147558599734;
;;public void org.cocome.cloud.logic.webservice.store.StoreManager.createStockItem(long,org.cocome.tradingsystem.inventory.application.store.ProductWithStockItemTO);7113;9418147558793955;9418147558801068;
;;public void org.cocome.cloud.logic.webservice.store.StoreManager.createStockItem(long,org.cocome.tradingsystem.inventory.application.store.ProductWithStockItemTO);6733;9418147558996193;9418147559002926;
;;public org.cocome.tradingsystem.inventory.data.enterprise.ITradingEnterprise org.cocome.tradingsystem.inventory.data.enterprise.StoreEnterpriseQueryProvider.queryEnterpriseByName(java.lang.String);6955;9418147559225799;9418147559232754;
;;public java.util.Set org.cocome.cloud.logic.webservice.cashdeskline.cashdesk.CashDesk.startSale(java.lang.String,long);6889;9418147559422761;9418147559429650;
;;public org.cocome.tradingsystem.inventory.data.enterprise.IProduct org.cocome.tradingsystem.inventory.data.enterprise.StoreEnterpriseQueryProvider.queryProductByBarcode(long);6861;9418147559619716;9418147559626577;
;;public void org.cocome.tradingsystem.inventory.data.enterprise.TradingEnterprise.initTradingEnterprise();6742;9418147559821641;9418147559828383;
;;public org.cocome.tradingsystem.inventory.data.store.IStore org.cocome.tradingsystem.inventory.data.store.EnterpriseStoreQueryProvider.queryStoreById(long);7592;9418147560119505;9418147560127097;
;;public org.cocome.tradingsystem.inventory.data.store.IStore org.cocome.tradingsystem.inventory.data.store.EnterpriseStoreQueryProvider.queryStoreById(long);235838;9418147561496553;9418147561732391;
;;public java.util.Set org.cocome.cloud.logic.webservice.cashdeskline.cashdesk.CashDesk.selectPaymentMode(java.lang.String,long,java.lang.String);51834;9418147562001504;9418147562053338;
;;public org.cocome.tradingsystem.inventory.application.store.ProductWithStockItemTO org.cocome.tradingsystem.inventory.application.store.StoreServer.getProductWithStockItem(long,long);7167;9418147562579159;9418147562586326;
;;public void org.cocome.tradingsystem.inventory.data.store.Store.initStore();6820;9418147562827513;9418147562834333;
;;public java.util.Set org.cocome.cloud.logic.webservice.cashdeskline.cashdesk.CashDesk.selectPaymentMode(java.lang.String,long,java.lang.String);6533;9418147563023379;9418147563029912;
;;public void org.cocome.tradingsystem.inventory.data.store.Store.initStore();29844;9418147563218447;9418147563248291;
;;public org.cocome.tradingsystem.inventory.application.store.StoreWithEnterpriseTO org.cocome.tradingsystem.inventory.application.store.StoreServer.getStore(long);6793;9418147563465761;9418147563472554;
;;public org.cocome.tradingsystem.inventory.data.store.IStore org.cocome.tradingsystem.inventory.data.store.EnterpriseStoreQueryProvider.queryStoreById(long);6919;9418147563666578;9418147563673497;
;;public java.util.Set org.cocome.cloud.logic.webservice.cashdeskline.cashdesk.CashDesk.startSale(java.lang.String,long);6864;9418147563861080;9418147563867944;
;;public org.cocome.tradingsystem.inventory.data.enterprise.IProduct org.cocome.tradingsystem.inventory.data.enterprise.StoreEnterpriseQueryProvider.queryProductByBarcode(long);7604;9418147564178766;9418147564186370;
