TEntryCallSequence;
;OperationSignature;sessionCreation;approvedListCreation;entryCallSequenceModelCreation;elapsed;
;public java.util.Set org.cocome.cloud.logic.webservice.cashdeskline.cashdesk.CashDesk.finishSale(java.lang.String,long);24393;355;232446;1207509;
;public java.util.Set org.cocome.cloud.logic.webservice.cashdeskline.cashdesk.CashDesk.finishSale(java.lang.String,long);228;163;1224;9470;
;public org.cocome.tradingsystem.inventory.application.store.ProductWithStockItemTO org.cocome.tradingsystem.inventory.application.store.StoreServer.getProductWithStockItem(long,long);167;216;912;8405;
;public org.cocome.tradingsystem.inventory.application.store.StoreWithEnterpriseTO org.cocome.tradingsystem.inventory.application.store.StoreServer.getStore(long);173;161;885;8349;
;public org.cocome.tradingsystem.inventory.application.store.StoreWithEnterpriseTO org.cocome.tradingsystem.inventory.application.store.StoreServer.getStore(long);195;178;830;7720;
;public org.cocome.tradingsystem.inventory.data.store.IStockItem org.cocome.tradingsystem.inventory.data.store.EnterpriseStoreQueryProvider.queryStockItem(long,long);177;157;920;8393;
;public org.cocome.tradingsystem.inventory.data.enterprise.IProduct org.cocome.tradingsystem.inventory.data.enterprise.StoreEnterpriseQueryProvider.queryProductByBarcode(long);183;168;870;8027;
;public void org.cocome.tradingsystem.inventory.application.store.StoreServer.createStockItem(long,org.cocome.tradingsystem.inventory.application.store.ProductWithStockItemTO);218;168;876;8003;
;public java.util.Set org.cocome.cloud.logic.webservice.cashdeskline.cashdesk.CashDesk.selectPaymentMode(java.lang.String,long,java.lang.String);162;164;827;7949;
;public void org.cocome.tradingsystem.inventory.data.enterprise.TradingEnterprise.initTradingEnterprise();244;219;1086;9822;
;public void org.cocome.tradingsystem.inventory.application.store.StoreServer.createStockItem(long,org.cocome.tradingsystem.inventory.application.store.ProductWithStockItemTO);223;186;945;8101;
;public org.cocome.tradingsystem.inventory.application.store.StoreWithEnterpriseTO org.cocome.tradingsystem.inventory.data.store.StoreDatatypesFactory.fillStoreWithEnterpriseTO(org.cocome.tradingsystem.inventory.data.store.IStore);154;190;894;7514;
;public void org.cocome.tradingsystem.inventory.data.store.Store.initStore();170;157;767;7342;
;public void org.cocome.tradingsystem.inventory.data.store.Store.initStore();174;172;766;7058;
;public java.util.Set org.cocome.cloud.logic.webservice.cashdeskline.cashdesk.CashDesk.startSale(java.lang.String,long);165;185;848;7068;
;public org.cocome.tradingsystem.inventory.data.store.IStockItem org.cocome.tradingsystem.inventory.data.store.EnterpriseStoreQueryProvider.queryStockItem(long,long);224;186;889;8271;
;public org.cocome.tradingsystem.inventory.data.enterprise.ITradingEnterprise org.cocome.tradingsystem.inventory.data.enterprise.StoreEnterpriseQueryProvider.queryEnterpriseByName(java.lang.String);193;194;782;7780;
;public java.util.Set org.cocome.cloud.logic.webservice.cashdeskline.cashdesk.CashDesk.startSale(java.lang.String,long);185;182;893;7419;
;public org.cocome.tradingsystem.inventory.application.store.StoreWithEnterpriseTO org.cocome.tradingsystem.inventory.data.store.StoreDatatypesFactory.fillStoreWithEnterpriseTO(org.cocome.tradingsystem.inventory.data.store.IStore);167;206;819;7455;
;public org.cocome.tradingsystem.inventory.data.enterprise.ITradingEnterprise org.cocome.tradingsystem.inventory.data.enterprise.StoreEnterpriseQueryProvider.queryEnterpriseByName(java.lang.String);181;264;1114;8492;
;public java.util.Set org.cocome.cloud.logic.webservice.cashdeskline.cashdesk.CashDesk.startSale(java.lang.String,long);156;228;891;7635;
;public org.cocome.tradingsystem.inventory.data.store.IStore org.cocome.tradingsystem.inventory.data.store.EnterpriseStoreQueryProvider.queryStoreById(long);177;165;931;6955;
;public java.util.Set org.cocome.cloud.logic.webservice.cashdeskline.cashdesk.barcodescanner.BarcodeScanner.sendProductBarcode(java.lang.String,long,long);154;182;841;6581;
;public java.util.Set org.cocome.cloud.logic.webservice.cashdeskline.cashdesk.CashDesk.selectPaymentMode(java.lang.String,long,java.lang.String);164;194;851;6815;
;public void org.cocome.tradingsystem.inventory.data.enterprise.TradingEnterprise.initTradingEnterprise();178;168;880;6680;
;public org.cocome.tradingsystem.inventory.application.store.StoreWithEnterpriseTO org.cocome.tradingsystem.inventory.application.store.StoreServer.getStore(long);185;181;990;7212;
;public void org.cocome.tradingsystem.inventory.data.store.Store.initStore();186;207;1131;6845;
;public void org.cocome.tradingsystem.inventory.data.store.Store.initStore();167;178;899;6814;
;public void org.cocome.tradingsystem.inventory.data.store.Store.initStore();176;272;872;6968;
;public java.util.Set org.cocome.cloud.logic.webservice.cashdeskline.cashdesk.barcodescanner.BarcodeScanner.sendProductBarcode(java.lang.String,long,long);193;184;890;6975;
;public org.cocome.tradingsystem.inventory.application.store.ProductWithStockItemTO org.cocome.tradingsystem.inventory.application.store.StoreServer.getProductWithStockItem(long,long);196;179;835;6678;
;public org.cocome.tradingsystem.inventory.data.store.IStockItem org.cocome.tradingsystem.inventory.data.store.EnterpriseStoreQueryProvider.queryStockItem(long,long);195;184;825;8422;
;public org.cocome.tradingsystem.inventory.application.store.ProductWithStockItemTO org.cocome.tradingsystem.inventory.application.store.StoreServer.getProductWithStockItem(long,long);225;206;1531;10155;
;public org.cocome.tradingsystem.inventory.application.store.ProductWithStockItemTO org.cocome.tradingsystem.inventory.application.store.StoreServer.getProductWithStockItem(long,long);157;206;1069;7663;
;public org.cocome.tradingsystem.inventory.data.enterprise.ITradingEnterprise org.cocome.tradingsystem.inventory.data.enterprise.StoreEnterpriseQueryProvider.queryEnterpriseByName(java.lang.String);170;171;846;7333;
;public java.util.Set org.cocome.cloud.logic.webservice.cashdeskline.cashdesk.CashDesk.finishSale(java.lang.String,long);202;183;899;7570;
;public org.cocome.tradingsystem.inventory.application.store.ProductWithStockItemTO org.cocome.tradingsystem.inventory.application.store.StoreServer.getProductWithStockItem(long,long);191;160;948;8156;
;public org.cocome.tradingsystem.inventory.data.enterprise.IProduct org.cocome.tradingsystem.inventory.data.enterprise.StoreEnterpriseQueryProvider.queryProductByBarcode(long);174;189;947;7650;
;public org.cocome.tradingsystem.inventory.application.store.StoreWithEnterpriseTO org.cocome.tradingsystem.inventory.data.store.StoreDatatypesFactory.fillStoreWithEnterpriseTO(org.cocome.tradingsystem.inventory.data.store.IStore);182;183;842;7491;
;public java.util.Set org.cocome.cloud.logic.webservice.cashdeskline.cashdesk.CashDesk.finishSale(java.lang.String,long);174;174;981;7622;
;public org.cocome.tradingsystem.inventory.application.store.ProductWithStockItemTO org.cocome.tradingsystem.inventory.application.store.StoreServer.getProductWithStockItem(long,long);197;170;886;7352;
;public java.util.Set org.cocome.cloud.logic.webservice.cashdeskline.cashdesk.CashDesk.selectPaymentMode(java.lang.String,long,java.lang.String);208;175;940;7761;
;public org.cocome.tradingsystem.inventory.data.store.IStore org.cocome.tradingsystem.inventory.data.store.EnterpriseStoreQueryProvider.queryStoreById(long);185;196;973;8349;
;public void org.cocome.tradingsystem.inventory.application.store.StoreServer.createStockItem(long,org.cocome.tradingsystem.inventory.application.store.ProductWithStockItemTO);312;164;1592;14646;
;public org.cocome.tradingsystem.inventory.data.store.IStockItem org.cocome.tradingsystem.inventory.data.store.EnterpriseStoreQueryProvider.queryStockItem(long,long);195;158;806;7074;
;public java.util.Set org.cocome.cloud.logic.webservice.cashdeskline.cashdesk.CashDesk.finishSale(java.lang.String,long);157;204;825;7142;
;public org.cocome.tradingsystem.inventory.application.store.StoreWithEnterpriseTO org.cocome.tradingsystem.inventory.data.store.StoreDatatypesFactory.fillStoreWithEnterpriseTO(org.cocome.tradingsystem.inventory.data.store.IStore);160;169;973;7331;
;public org.cocome.tradingsystem.inventory.application.store.ProductWithStockItemTO org.cocome.tradingsystem.inventory.application.store.StoreServer.getProductWithStockItem(long,long);195;201;865;7433;
;public java.util.Set org.cocome.cloud.logic.webservice.cashdeskline.cashdesk.CashDesk.selectPaymentMode(java.lang.String,long,java.lang.String);204;163;961;7013;
;public org.cocome.tradingsystem.inventory.data.enterprise.IProduct org.cocome.tradingsystem.inventory.data.enterprise.StoreEnterpriseQueryProvider.queryProductByBarcode(long);193;181;830;7058;
;public org.cocome.tradingsystem.inventory.data.enterprise.ITradingEnterprise org.cocome.tradingsystem.inventory.data.enterprise.StoreEnterpriseQueryProvider.queryEnterpriseByName(java.lang.String);192;183;811;6726;
;public org.cocome.tradingsystem.inventory.application.store.StoreWithEnterpriseTO org.cocome.tradingsystem.inventory.application.store.StoreServer.getStore(long);171;181;894;6545;
;public void org.cocome.tradingsystem.inventory.application.store.StoreServer.createStockItem(long,org.cocome.tradingsystem.inventory.application.store.ProductWithStockItemTO);190;210;884;6714;
;public void org.cocome.tradingsystem.inventory.application.store.StoreServer.createStockItem(long,org.cocome.tradingsystem.inventory.application.store.ProductWithStockItemTO);225;192;929;6984;
;public org.cocome.tradingsystem.inventory.application.store.StoreWithEnterpriseTO org.cocome.tradingsystem.inventory.data.store.StoreDatatypesFactory.fillStoreWithEnterpriseTO(org.cocome.tradingsystem.inventory.data.store.IStore);182;203;843;6715;
;public java.util.Set org.cocome.cloud.logic.webservice.cashdeskline.cashdesk.CashDesk.selectPaymentMode(java.lang.String,long,java.lang.String);174;190;777;6497;
;public void org.cocome.tradingsystem.inventory.data.enterprise.TradingEnterprise.initTradingEnterprise();180;168;808;7043;
;public java.util.Set org.cocome.cloud.logic.webservice.cashdeskline.cashdesk.CashDesk.selectPaymentMode(java.lang.String,long,java.lang.String);180;207;909;6832;
;public void org.cocome.cloud.logic.webservice.store.StoreManager.createStockItem(long,org.cocome.tradingsystem.inventory.application.store.ProductWithStockItemTO);202;203;895;7208;
;public java.util.Set org.cocome.cloud.logic.webservice.cashdeskline.cashdesk.CashDesk.finishSale(java.lang.String,long);170;156;882;6764;
;public void org.cocome.tradingsystem.inventory.data.store.Store.initStore();174;150;987;7045;
;public org.cocome.tradingsystem.inventory.data.store.IStore org.cocome.tradingsystem.inventory.data.store.EnterpriseStoreQueryProvider.queryStoreById(long);209;206;865;6894;
;public org.cocome.tradingsystem.inventory.data.enterprise.ITradingEnterprise org.cocome.tradingsystem.inventory.data.enterprise.StoreEnterpriseQueryProvider.queryEnterpriseByName(java.lang.String);194;187;830;7183;
;public org.cocome.tradingsystem.inventory.application.store.ProductWithStockItemTO org.cocome.tradingsystem.inventory.application.store.StoreServer.getProductWithStockItem(long,long);196;203;739;7809;
;public void org.cocome.cloud.logic.webservice.store.StoreManager.createStockItem(long,org.cocome.tradingsystem.inventory.application.store.ProductWithStockItemTO);157;164;779;6693;
;public void org.cocome.cloud.logic.webservice.store.StoreManager.createStockItem(long,org.cocome.tradingsystem.inventory.application.store.ProductWithStockItemTO);176;137;908;6737;
;public org.cocome.tradingsystem.inventory.data.enterprise.IProduct org.cocome.tradingsystem.inventory.data.enterprise.StoreEnterpriseQueryProvider.queryProductByBarcode(long);185;158;913;6485;
;public void org.cocome.tradingsystem.inventory.application.store.StoreServer.createStockItem(long,org.cocome.tradingsystem.inventory.application.store.ProductWithStockItemTO);185;201;869;6851;
;public org.cocome.tradingsystem.inventory.application.store.StoreWithEnterpriseTO org.cocome.tradingsystem.inventory.application.store.StoreServer.getStore(long);155;188;906;6902;
;public void org.cocome.tradingsystem.inventory.application.store.StoreServer.createStockItem(long,org.cocome.tradingsystem.inventory.application.store.ProductWithStockItemTO);180;176;901;6780;
;public void org.cocome.tradingsystem.inventory.data.store.Store.initStore();165;160;1122;7292;
;public org.cocome.tradingsystem.inventory.data.store.IStore org.cocome.tradingsystem.inventory.data.store.EnterpriseStoreQueryProvider.queryStoreById(long);168;165;820;6648;
;public void org.cocome.tradingsystem.inventory.application.store.StoreServer.createStockItem(long,org.cocome.tradingsystem.inventory.application.store.ProductWithStockItemTO);171;178;781;6654;
;public org.cocome.tradingsystem.inventory.data.store.IStore org.cocome.tradingsystem.inventory.data.store.EnterpriseStoreQueryProvider.queryStoreById(long);173;180;1187;7392;
;public void org.cocome.tradingsystem.inventory.application.store.StoreServer.createStockItem(long,org.cocome.tradingsystem.inventory.application.store.ProductWithStockItemTO);178;167;903;6329;
;public org.cocome.tradingsystem.inventory.application.store.ProductWithStockItemTO org.cocome.tradingsystem.inventory.application.store.StoreServer.getProductWithStockItem(long,long);160;188;778;6334;
;public void org.cocome.cloud.logic.webservice.store.StoreManager.createStockItem(long,org.cocome.tradingsystem.inventory.application.store.ProductWithStockItemTO);172;191;882;6232;
;public org.cocome.tradingsystem.inventory.data.store.IStockItem org.cocome.tradingsystem.inventory.data.store.EnterpriseStoreQueryProvider.queryStockItem(long,long);165;183;840;6133;
;public java.util.Set org.cocome.cloud.logic.webservice.cashdeskline.cashdesk.CashDesk.finishSale(java.lang.String,long);186;205;858;6116;
;public void org.cocome.tradingsystem.inventory.application.store.StoreServer.createStockItem(long,org.cocome.tradingsystem.inventory.application.store.ProductWithStockItemTO);176;167;939;6188;
;public org.cocome.tradingsystem.inventory.data.store.IStockItem org.cocome.tradingsystem.inventory.data.store.EnterpriseStoreQueryProvider.queryStockItem(long,long);179;185;826;6262;
;public org.cocome.tradingsystem.inventory.data.enterprise.IProduct org.cocome.tradingsystem.inventory.data.enterprise.StoreEnterpriseQueryProvider.queryProductByBarcode(long);185;202;908;6580;
;public void org.cocome.tradingsystem.inventory.data.store.Store.initStore();176;202;853;6118;
;public void org.cocome.cloud.logic.webservice.store.StoreManager.createStockItem(long,org.cocome.tradingsystem.inventory.application.store.ProductWithStockItemTO);166;260;809;5903;
;public void org.cocome.cloud.logic.webservice.store.StoreManager.createStockItem(long,org.cocome.tradingsystem.inventory.application.store.ProductWithStockItemTO);199;214;875;6105;
;public org.cocome.tradingsystem.inventory.data.enterprise.ITradingEnterprise org.cocome.tradingsystem.inventory.data.enterprise.StoreEnterpriseQueryProvider.queryEnterpriseByName(java.lang.String);176;199;849;5833;
;public java.util.Set org.cocome.cloud.logic.webservice.cashdeskline.cashdesk.CashDesk.startSale(java.lang.String,long);182;206;838;6163;
;public org.cocome.tradingsystem.inventory.data.enterprise.IProduct org.cocome.tradingsystem.inventory.data.enterprise.StoreEnterpriseQueryProvider.queryProductByBarcode(long);177;180;909;6164;
;public void org.cocome.tradingsystem.inventory.data.enterprise.TradingEnterprise.initTradingEnterprise();191;191;1219;7160;
;public org.cocome.tradingsystem.inventory.data.store.IStore org.cocome.tradingsystem.inventory.data.store.EnterpriseStoreQueryProvider.queryStoreById(long);193;209;872;6459;
;public org.cocome.tradingsystem.inventory.data.store.IStore org.cocome.tradingsystem.inventory.data.store.EnterpriseStoreQueryProvider.queryStoreById(long);169;185;1093;7355;
;public java.util.Set org.cocome.cloud.logic.webservice.cashdeskline.cashdesk.CashDesk.selectPaymentMode(java.lang.String,long,java.lang.String);199;187;860;6863;
;public org.cocome.tradingsystem.inventory.application.store.ProductWithStockItemTO org.cocome.tradingsystem.inventory.application.store.StoreServer.getProductWithStockItem(long,long);152;153;918;6330;
;public void org.cocome.tradingsystem.inventory.data.store.Store.initStore();181;169;914;6454;
;public java.util.Set org.cocome.cloud.logic.webservice.cashdeskline.cashdesk.CashDesk.selectPaymentMode(java.lang.String,long,java.lang.String);180;192;872;6188;
;public void org.cocome.tradingsystem.inventory.data.store.Store.initStore();172;154;1012;18173;
;public org.cocome.tradingsystem.inventory.application.store.StoreWithEnterpriseTO org.cocome.tradingsystem.inventory.application.store.StoreServer.getStore(long);185;193;1011;6377;
;public org.cocome.tradingsystem.inventory.data.store.IStore org.cocome.tradingsystem.inventory.data.store.EnterpriseStoreQueryProvider.queryStoreById(long);179;197;950;6462;
;public java.util.Set org.cocome.cloud.logic.webservice.cashdeskline.cashdesk.CashDesk.startSale(java.lang.String,long);168;155;781;5977;
;public org.cocome.tradingsystem.inventory.data.enterprise.IProduct org.cocome.tradingsystem.inventory.data.enterprise.StoreEnterpriseQueryProvider.queryProductByBarcode(long);178;165;742;6025;
